{"Gm5544": [126.41038586038923, 652.3990208206052], "Hs1bp3": [846.7708938851, 368.8342242530863], "Med13l": [868.4329888533962, 515.9372226922721], "Ciapin1": [832.6151948011689, 168.92414163429532], "Foxa1": [122.17004964392038, 527.394842740486], "Ncoa7": [645.5485016279144, 321.29451875096936], "Cnot6l": [614.8579695714491, 264.34981807540385], "Slc39a14": [505.50377373831316, 235.01202082843815], "Usp42": [782.4632218544617, 757.1743407497615], "Mynn": [694.5462988360076, 71.61525228835353], "Rnf215": [659.272050932609, 693.7498771259259], "Bcl2": [464.8941000658459, 177.3729958524833], "Tet2": [593.8583735984595, 989.6478390706261], "Tacc2": [934.4735881012834, 603.8664117074395], "Ncapd3": [478.15872442930447, 66.95640089221388], "Zfp219": [616.8114750277177, 957.5238187297765], "Gngt2": [134.4431386220639, 703.8364016098341], "R74862": [274.8878731716849, 58.635321001123316], "Rmi1": [740.5917797835722, 583.997151353112], "Hsd11b1": [959.4961226635406, 405.8441082551401], "Ptprs": [202.59375648991775, 98.5605378702445], "Ezr": [973.6013347120662, 598.5440624243074], "Rnf130": [696.652954958103, 608.4008059377427], "Art2b": [610.2797254727562, 466.9313518084631], "Ptprc": [127.251240491761, 191.00282180016507], "Evi5": [992.368865302247, 425.5903226374721], "Ptprj": [164.6136213956521, 135.61126932124387], "Il1rn": [449.5948381002564, 5.400449670802914], "Zfp105": [618.7647497185918, 914.4308323687593], "Slc35b4": [424.51246992227243, 445.11051291123766], "Knop1": [85.42472575787329, 481.70639628390217], "Ifi47": [878.6644379998033, 396.3775519696636], "Zswim8": [643.152274127945, 967.0478878742888], "Tap1": [862.0481640237316, 667.5384962458229], "Ubash3b": [881.5736218577863, 821.3480753058691], "Calm1": [308.7946967540716, 488.5374706702781], "Map3k1": [629.2271136234315, 87.28034711136365], "H2-DMb2": [579.3486576453897, 693.5689086404483], "Nrde2": [967.4705295967037, 350.073908164228], "Hs6st2": [913.4055622263269, 395.5297589587317], "Pcyt1a": [777.0782560927431, 267.506202802173], "Naaa": [542.3005747564507, 3.026910634548358], "Gm11978": [29.143419560638968, 524.4555027544451], "Fancl": [319.94955698462877, 821.7603186992086], "Frmd5": [100.15170998830547, 730.0165008661858], "Pgk1": [375.08629651178194, 94.46689285091247], "Cxcl3": [398.32345450389244, 275.3647644168876], "B3gnt5": [848.6795528565065, 142.19470442108104], "Dgkh": [268.94831480151674, 587.9441477336877], "Ralgps2": [589.9414114438827, 82.5744267031331], "Psmd7": [125.56203403762541, 239.3151096689163], "Junb": [40.465632404105236, 386.401312570125], "Agpat4": [203.85707623617805, 892.9262997459748], "Nlrc3": [907.4518326137987, 499.78533138935046], "Tnfsf10": [306.00485605034334, 951.8571928029878], "Wdfy2": [536.7632191235904, 791.509857564384], "Arhgap25": [324.87769578685015, 790.2911985564299], "Fam134b": [724.9991335199377, 776.9257262721943], "Ap3b1": [315.13425007481095, 882.7345530113457], "Erlin1": [928.472750279629, 322.8113607791439], "Limch1": [277.29997259567597, 406.4871401870163], "B4galt1": [771.3456047331912, 94.22844832273631], "Gm11981": [24.2955894086643, 442.25345446905965], "Ebag9": [315.6122333807518, 63.571930662839804], "Rab3ip": [356.27228216111666, 70.75399863048267], "Rfc5": [897.8303622610316, 609.5163051984046], "Pde7b": [721.2055252976066, 134.23038751095828], "Hgf": [739.1293601954882, 456.41526850933076], "Soat2": [741.1495356892829, 509.35359096569294], "Sesn1": [496.4848437666732, 824.3161592288307], "Tusc3": [699.3653491677824, 871.7728580237979], "Gnao1": [170.6069506723348, 706.4727559760904], "Tgtp2": [362.5112264677981, 937.3116254686756], "Hilpda": [785.8663458222529, 414.02094524176573], "Pi4k2a": [318.6871866919728, 130.67618979697045], "Mxra8": [816.4516879123325, 216.94153591503527], "Ggh": [108.31653203261303, 786.4101852777846], "Pfkp": [380.46053411902494, 34.610427745247875], "Gm12185": [11.073065446515187, 404.9294796615785], "Slc12a7": [418.6486647025828, 639.1084056166103], "Uhrf1bp1l": [903.0837348474399, 791.3316507324931], "Kdm6b": [62.236874473426575, 438.02407590683094], "Osbpl3": [968.655271385709, 308.37242176619225], "Nckap5": [565.4952927415426, 234.05963900844426], "Elmo1": [622.3690084284473, 42.760595448568324], "Peak1": [443.86299213437076, 123.58665277564478], "Osgin2": [939.1395579716874, 372.525573114739], "Psd3": [152.15941382896457, 270.5353597483919], "Gpr128": [345.94775876251157, 701.0690589497732], "Rsad2": [717.1558695262519, 733.8001429192951], "Mthfd2l": [907.6470812471155, 277.4502534411978], "Gpa33": [204.93822601689544, 671.3639106836902], "Csf2": [466.5914327566518, 277.5093862675328], "Samsn1": [778.1329525619534, 819.2212235362686], "Asap2": [675.929130829235, 380.2609453742572], "Fars2": [217.39624534354328, 721.0993077619435], "Irf1": [170.83824398186078, 192.09506039623602], "Spcs3": [779.3498122923813, 541.8282826515824], "Dym": [297.71855438410535, 164.2299511288768], "Spp1": [822.4940310590332, 680.3042202625454], "Gramd1b": [523.2601484496124, 684.4731632628431], "Bcas1": [575.1243957949981, 158.3178624033951], "Bace2": [670.1897416618189, 120.16559771428558], "Zbtb16": [546.3897752662388, 748.9768620731495], "Nr4a1": [504.15810356386373, 499.6610841374946], "Plekhh1": [226.81865571610737, 132.2608983945786], "Il15ra": [551.8284756344759, 56.044752752347904], "Zfp36l1": [677.7650338216991, 970.7186174497323], "Fam216a": [511.59662096236957, 861.2874875843211], "Rbm20": [871.2243196632733, 233.65362290927817], "Pclo": [822.8217244439962, 325.04694477292253], "Lin54": [323.0786890185753, 363.1878585990851], "Abhd4": [478.20028334911035, 943.644149108529], "Gkn3": [18.564626016759192, 604.2933512004639], "Tespa1": [669.0832881774667, 936.1219970663975], "Ston2": [899.4936409340473, 697.1467086221719], "Flna": [89.42105667764021, 560.095590563755], "Rgsl1": [730.867858030697, 677.6487420966346], "Foxk1": [167.5191919109933, 533.2216286045339], "Atp8a2": [830.3132003104021, 246.47199673354874], "Gm5127": [73.25491644991163, 623.4695256931672], "Ubac2": [823.69539897677, 839.7501389040182], "Mbd2": [731.5080641335553, 269.16337639193125], "Vasp": [677.5266398821, 832.3262913770011], "Prpf6": [139.4546478908246, 351.04820459248015], "Tgm2": [449.10369304113067, 993.0639369771411], "Cnnm2": [681.5365227245569, 220.60124238146545], "Med12l": [822.7831445341445, 449.1990805301949], "Tbc1d30": [815.9663864124994, 723.9076119107112], "Mief1": [998.7776356037137, 582.9965745667903], "Slc35c1": [472.6690078422399, 386.5918789048467], "Rgs16": [786.2877990179076, 647.1623736765682], "Lrp5": [320.8941836491323, 194.13656644778735], "Dclk2": [221.6633134135767, 383.2520034608094], "Mical3": [982.0534967825978, 641.9022017601332], "Cd200r1": [423.07254334352865, 185.0268700897335], "2810025M15Rik": [537.8050896471768, 917.5659268171705], "Hectd2": [655.6188242210957, 553.0493563397425], "Pdgfa": [647.6690397055798, 168.12934741812398], "Fam129b": [826.9822678322764, 761.4581491204576], "4930430F08Rik": [513.3385840555625, 950.3632127459986], "Ephx1": [813.1759130403791, 106.72225986709805], "Ttll1": [645.9810829608072, 885.9658645273266], "Traf5": [404.5881387236401, 990.9003350709478], "Nrgn": [939.9107603615754, 291.28616061386936], "Abi3": [400.0202145842451, 954.0656629547161], "Ltb4r1": [358.1812167323868, 141.7179323930684], "Mettl13": [910.4284578746855, 653.9088493904823], "Gpatch2": [269.6875260122661, 647.4564090066594], "Dusp10": [275.0378975295181, 250.25144268899498], "Arsg": [554.5932446882838, 552.7695997516983], "Ubash3a": [858.2801634727093, 851.4865122541366], "Zfp92": [785.6697836847753, 892.4789634671183], "Acoxl": [410.39328081147266, 822.8439395537995], "Plxnd1": [198.88358484884697, 151.44248491324709], "Gimap4": [78.20872642079104, 756.9447199260751], "Gimap6": [55.44967968104564, 687.4436240701104], "Sla": [432.81082850749954, 726.3481774149988], "Dnah11": [237.98811898759675, 569.6540217029608], "Tmco1": [152.11624391062938, 791.9507785569374],