{"Pdgfa": [342.45451893119275, 625.7548824044881], "Cxcl3": [818.2413611233792, 909.4488552237578], "Litaf": [206.30640037717535, 681.0913080124419], "Chst15": [361.88346161595746, 164.29326636248237], "Ncoa7": [711.1178637643291, 383.8957227153127], "Actn2": [737.9444856138899, 779.1208212842768], "Dgat1": [979.9578808557155, 394.1640390672917], "Plxdc2": [313.2904525010324, 277.4878380714227], "Ptpn6": [387.47723752447394, 670.8696208636354], "Il17f": [465.88063543342594, 315.03221032695615], "Kif13a": [805.040289880968, 302.60306016865457], "Irak2": [707.534034943015, 996.0708484644512], "Xlr4a": [693.1825547039332, 704.0939068389862], "Fasl": [230.98073188461063, 843.0582814718096], "Nr1d1": [395.5545128239406, 297.166850104656], "Lgals3": [563.9793994157479, 72.76941923048696], "Nfkb1": [62.70425011666907, 609.4045364606059], "Hey1": [463.6711790348461, 172.4177992782299], "Mapkapk2": [237.9447844865138, 632.8185122706493], "Nr4a2": [317.0296549659895, 722.1189866982776], "Il17a": [830.2662695082645, 256.01595383474137], "Lonrf3": [404.0115819362079, 370.15728656582974], "Serpinb1b": [400.7077634767936, 738.3038975823222], "Slc38a1": [722.4934970384542, 488.65592498199413], "Elovl7": [587.199090215829, 4.867176926185834], "Emb": [930.9283563954941, 309.363986053037], "Ltb4r1": [332.27081558138167, 376.5069323562577], "Pigl": [252.45336586287846, 305.9479406658156], "Tex2": [28.329777396153418, 775.9982838347676], "Lats2": [639.8652744669417, 990.6361993065509], "Foxo1": [896.5067654494435, 837.348465126935], "Megf9": [729.979650257711, 328.4500104380619], "Klf2": [633.2099892573676, 3.9291515355487263], "Ppp1r16b": [615.9483306473743, 805.2718326044578], "Bcl6": [702.4114845517231, 845.0885436526534], "Rgs9": [579.4223885715153, 543.9928941858531], "Gls2": [879.1217051748072, 272.1278817309359], "Eef2k": [954.5026634914996, 351.5445800392931], "Src": [845.3298069103042, 535.3582130080831], "Il2rb": [974.5893082296474, 848.735164667731], "Cnnm2": [10.99408557849381, 504.77592288091444], "Eprs": [880.5485461159471, 328.40742855777717], "Mpzl3": [580.441292982293, 918.952267923223], "Gzmb": [224.45610507431525, 740.3068642344266], "Gzmc": [794.9065863598322, 952.5750933445274], "Wwtr1": [623.2175636972967, 566.6574608370003], "Arrb1": [922.257985054651, 480.3656930268635], "Ppm1k": [669.9106329805019, 448.8954205275049], "Gimap6": [209.61295005257352, 797.7715083024705], "Rora": [813.8278787223489, 422.8671336492817], "Large": [757.8241385635552, 281.43876904356716], "Hspa1b": [752.9232317682724, 975.9985363203709], "Susd2": [630.9404065978891, 719.0788778860285], "Cish": [-1.1368683772161603e-13, 557.1427528435484], "Klrb1b": [677.8681962845023, 951.5610222699861], "Klrb1c": [142.66738830447633, 679.4044528511429], "Cables1": [800.5711033886267, 799.3273929929937], "Atxn7": [918.5694040096539, 427.3841690429572], "Pde4b": [599.9975189889301, 868.7600021144574], "Cwc25": [439.1119822120451, 60.39098634770073], "Pde4d": [286.2805991583068, 607.0974578657406], "Usp38": [354.8626353524751, 844.8091619162983], "Abcb1a": [949.0018973940273, 523.5623668107627], "Slc6a7": [790.4166236383423, 510.880958151318], "Sytl3": [384.2945114211574, 800.6391913954831], "Chd7": [272.09791808998585, 868.9273506559442], "Clcn3": [976.2886563891085, 444.8725595919304], "Igsf5": [481.0629690840567, 242.59397860321928], "Aff4": [313.69472117916837, 174.4087269978151], "Aff1": [320.98405874850266, 879.4329859425044], "Epas1": [61.71728385380982, 688.0280261149321], "Cap2": [809.6635892942519, 857.1205540762332], "Med13": [1000.0000000000001, 805.4012074684783], "Ttn": [899.0003428673526, 547.7926469626624], "Lrrc20": [595.6823746388502, 966.938638101363], "Tifa": [270.58278051816563, 199.8352953133538], "Ell2": [57.05291202611471, 517.881769479687], "Frmd6": [408.98164684685077, 186.6570600463304], "Ptpn7": [645.9906543338793, 52.237033512518224], "Rsad2": [257.0337857180453, 247.09037107518526], "Ly86": [274.0583863604118, 355.2559671979701]}