{"Nfat5": [493.07773235914624, 938.8111778253481], "Plekhg1": [306.2982504933443, 625.4811317633263], "Ncoa7": [582.6907891582424, 263.7332655448028], "Ptpn18": [867.0486643065572, 299.1917939377372], "Ssh2": [667.3160470747578, 38.96439233486285], "Tnfrsf9": [481.3278700634919, 542.0199502645569], "Kpna1": [641.6075117575734, 544.3615320094505], "Tuba4a": [839.3601086422489, 159.4792766892317], "Cdip1": [154.77072949858575, 171.88742313485886], "Nfkbie": [934.6654217117078, 505.92716192977383], "Mapkapk3": [812.2713182741008, 280.2532561013785], "Peg13": [887.9971505409026, 525.976955780501], "Zswim4": [691.8018321807492, 900.6442370332419], "Itgb3": [152.8586284869309, 795.8214674438638], "Ppfia1": [599.2996258091445, 380.4423577203123], "Plcxd2": [565.9925302194147, 327.25026170816756], "Klf6": [688.3132861998074, 470.75736501295734], "Ccng2": [477.1241027592372, 350.55262844473964], "Cblb": [805.0978072927419, 138.59573181155957], "Klf2": [808.7406172715713, 347.11585181729583], "Rhob": [739.9395327549635, 472.4889824299174], "Cytip": [563.0989309351604, 601.5811650566549], "Bcl6": [709.3774023076365, 105.20970683268331], "Sept1": [801.1637937538694, 319.7255094863001], "Gna13": [917.7466092831712, 696.6706355168158], "Marcksl1": [568.8538132500094, 916.0708033143154], "Hccs": [407.89460103754305, 49.81671429523868], "Nr3c1": [929.271955870813, 372.5399775319461], "Riok1": [189.17703404249437, 106.98612072504079], "Arap2": [468.32604132884427, 913.5861530732128], "Gzmb": [249.20960274241978, 512.2152171581221], "Gzmc": [676.3080412846393, 157.34846100429883], "Nr4a2": [288.7310580142873, 485.0689197168435], "Trf": [806.7648783717458, 765.0833266841134], "Slc16a10": [97.98926373130308, 647.3782487578376], "Cables1": [119.40450576785548, 175.75278680864142], "Atxn7": [59.16969675475116, 679.8226180233231], "Eprs": [442.05333916387224, 155.4227959079427], "Dot1l": [977.6254385970951, 566.1826118600225], "Odc1": [518.1835579526452, 810.0325871102766], "Emd": [932.5326679583379, 669.5539271829532], "Serpina3f": [78.7182862133862, 587.0482949031166], "Hivep1": [649.5763996085467, 849.9392014802789], "Rinl": [666.2925047163268, 917.3973804957691], "Stat5a": [350.91812583463377, 630.5361093893507], "Skil": [830.0990167588977, 529.4254861130279], "Cltc": [364.18858274310736, 47.29736694728308], "Abhd2": [491.1279254189493, 790.3577158028189], "Ell2": [872.7911212425508, 444.4718326071237], "Lyn": [229.4103093328759, 404.2790068674899], "Lin54": [523.4123929494829, 562.0295116522569], "Rasa2": [578.1523573281562, 241.7708653417975], "Rab8b": [499.7343219374327, 512.1631907108774], "Bpnt1": [387.06220501701716, 21.927171062706975], "Dgat1": [429.5397410883935, 283.93606800229685], "Cd93": [660.3127551151217, 87.98723009269577], "Rpl14": [63.50190358510531, 379.7199438255686], "Mlxip": [793.1770057219993, 832.08255388782], "Crem": [881.8985221231172, 636.7577292810395], "Fasl": [214.03904801916428, 531.9252208084878], "Nfkb1": [81.99345048760898, 399.6251876808962], "Irak2": [393.12188823012843, 648.1082940046875], "Flna": [19.378877419756407, 644.520468955899], "4933426M11Rik": [211.46010969574724, 814.9589222043146], "Nfkb2": [148.51608748795917, 213.49400290806142], "Furin": [114.205695440981, 293.1651990769319], "Tnfrsf1b": [869.0849810861057, 490.133085396842], "Tnfrsf1a": [745.5076237850387, 612.6861541910833], "Ski": [726.4080133532237, 714.2043641709031], "4932438A13Rik": [437.1101271369944, 941.9946225677697], "Rpa1": [104.66613711550633, 244.00371461803988], "Dhx40": [525.1143349571726, 913.1356836567036], "Itgav": [3.457655957555744, 618.5157774827669], "Mapkapk2": [327.3202000544888, 580.5345235599943], "Baz1a": [492.6264068367051, 611.3930794707242], "Elovl5": [421.45200054931763, 242.820715795362], "Cd226": [652.3937441899129, 60.425690669399614], "Rab43": [528.1525051078827, 497.9501140489385], "Edem1": [357.23347615201453, 854.4590638879934], "Mmd": [264.90698381978945, 385.4693792471683], "Ipcef1": [203.7282129979829, 477.9458521839803], "Spty2d1": [352.7397114217484, 478.69688482984884], "Mex3c": [31.817408015173896, 575.9055892155027], "Il2ra": [397.59422471291145, 680.3718069806058], "Rab11fip1": [750.277987382247, 581.8010850300637], "Cnnm2": [187.6172723659164, 194.61900247245075], "Stat3": [227.6137029067155, 117.24072075159438], "Prrc2b": [822.5384233613695, 857.3255304942571], "Cdkn1a": [903.5683413301738, 658.6547690714674], "Map3k1": [255.1219764397176, 407.4874823989211], "Irf1": [540.5705747243478, 752.5113516619011], "Slc35b2": [522.0838911172073, 229.09874955051578], "Taf4b": [888.1452985398273, 703.3659271392015], "Rprd1b": [548.4749073463371, 255.68685990223017], "Ppp1r16b": [710.9892024416285, 53.86310884817664], "Tgm2": [65.26144460944522, 432.36211320953066], "Pde4b": [628.1777192718342, 874.8239882990222], "Kdm2b": [744.6274377472378, 755.5739309703071], "Pcyt1a": [314.2398299794205, 397.4379618275173], "Cyfip2": [320.59180408343855, 690.578614848363], "Bhlhe40": [896.3789612919786, 484.05663170391676], "Otulin": [290.3407826411873, 387.2301791442144], "Slc7a1": [781.3581152055997, 735.8063852176537], "Med13": [640.7037054390815, 817.2154607880713], "Ern1": [149.60055114797836, 251.5652301767517], "Txnrd1": [208.54781219811628, 139.69102818501653], "Grcc10": [783.226852300613, 295.3403611424523], "Il17f": [373.9851421146148, 694.263457883523], "Litaf": [230.96804880679554, 430.97675772694566], "Il17a": [366.2376922740369, 718.0696539748457], "Epb4.1": [267.206331380243, 57.101227902290475], "Pabpc1": [556.5166232539196, 509.65847871426877], "Kdm6b": [917.3181731980192, 568.432570376678], "Tfip11": [552.9276177362747, 811.1190079365088], "Clec2d": [446.1076072847506, 335.98205594857376], "Serpinb9": [381.24097867963945, 891.5519110915274], "Purb": [563.6146437737409, 145.21572147138068], "Fes": [36.809976024610535, 665.4262797045781], "Etnk1": [466.05577884442675, 186.29180488314773], "Slc15a3": [276.1331630198146, 677.9129738383257], "Il2rb": [354.374321657867, 882.2844359344072], "Tex2": [199.28544221445839, 790.6166819961999], "Klf13": [251.17199683437755, 105.44770263800558], "Jmy": [54.43567090212548, 539.1691527453318], "Traf4": [872.8607434508107, 678.5603096914984], "Hspa4": [69.27188840529811, 345.65288404222406], "Junb": [50.562460070632596, 596.3436515237227], "Jun": [677.906413745041, 572.575006070685], "Jund": [661.6414836321661, 583.3325308395664], "Notch2": [538.0915892194454, 962.6425083807501], "Mfsd6": [759.1838953075445, 65.01732047472126], "Lats2": [774.5470490999614, 87.39578120330981], "Usp9x": [435.64438502662796, 971.6303233133613], "Usp36": [1000.0, 583.87177735506], "Gpr132": [960.0709298763828, 480.390834009193], "Aplp2": [178.83396181030497, 816.7836630355504], "Suco": [562.388381041357, 69.1518929268974], "Ago2": [957.6948869112559, 578.6241889764397], "Ptpn22": [693.660209540173, 33.74776613486438], "Sertad1": [705.1771365114764, 512.3565154873064], "Vamp2": [905.5240228105743, 446.9228644198649], "Emb": [432.8982540011033, 205.41632230163765], "Bzw2": [34.85208085783364, 438.5930941351826], "Azin1": [483.9922654666841, 308.7458469342289], "Rora": [505.90483492347755, 267.83976124171454], "Cd164": [935.0779534403003, 432.2427917430661], "Usp12": [270.58669751069976, 467.8944451703654], "Hspa1b": [740.8643575310052, 162.03865667767377], "Hspa1a": [711.6339995837044, 157.4239780933442], "Gimap8": [340.7965600101312, 724.0044764312636], "Ncr1": [167.93600918071866, 771.04262514276], "Sf1": [968.2014915010636, 602.9573137127721], "Slc35e1": [210.0392660565936, 89.4497441876012], "Gimap6": [228.55304733790348, 559.8815632674978], "Gimap7": [229.62875074455735, 610.5853041332759], "Gimap1": [316.09471026734303, 718.5596688268076], "Erbb2ip": [697.3023916803882, 423.9493553875077], "Ranbp2": [465.9741050472793, 985.2418100307137], "Abcb1a": [460.8531825744188, 273.9184206647905], "Chd7": [696.6222142741192, 867.3597266593192], "Sytl3": [340.69187409644485, 507.77119246931676],