{"Smim3": [92.946836978921, 426.4955591467248], "Tpm4": [825.1916383795515, 796.9940472572557], "Ncoa7": [713.026783590762, 566.2353604371722], "Abcb1b": [911.7990763523434, 547.3624628370525], "Tnfrsf9": [199.41479166076994, 601.9858034805803], "Kpna1": [244.00657433032924, 431.76329552434316], "Nfkb1": [533.0385088344376, 932.9733985212549], "Nfkb2": [723.0989125766966, 933.5825592010817], "Mapkapk3": [117.336795870029, 368.7135266991738], "Mapkapk2": [299.630355586125, 736.3173723180244], "Gimap7": [419.7932029420933, 808.0837374682814], "Itgb2": [660.4685596106413, 684.300131173644], "Ppfia1": [648.6250067709608, 465.14528493949103], "Zbp1": [91.25858344529081, 391.1405470741968], "Clec2d": [886.5382032364203, 630.3885891169989], "Psd": [384.87735482708564, 0.0], "Klf6": [292.9189553176232, 325.3277312394618], "Ccng2": [895.3058351364871, 583.9141615151461], "Klf2": [182.89972787217437, 396.8633970935771], "Rhob": [306.9915675976498, 385.9398947161384], "Bcl6": [743.0054245676602, 284.381997151268], "Rgs9": [810.2886593194697, 510.4806859129816], "Rab43": [183.908892693883, 520.8423350379938], "Kctd12": [89.06669620196112, 637.7374103032893], "Nr3c1": [358.27568462950524, 169.2662550031406], "Riok1": [641.1424620867077, 774.517336227593], "Arap2": [878.4525488845441, 549.4539204928467], "Gzmb": [391.0133949828391, 758.4748859501503], "Gcnt2": [492.0927776233157, 324.89221349460826], "Nr4a2": [397.122030086649, 721.4222395051255], "Trf": [78.60471810590093, 755.3852268729792], "Large": [728.7993064785319, 594.0253147893856], "Clcn3": [907.461254652351, 608.0052773238862], "Slc16a10": [942.7128997672335, 223.816514666616], "Cables1": [781.575773926365, 940.6075456004053], "Atxn7": [951.1021237279899, 175.47242725333365], "Eprs": [772.55341628715, 641.0599654142833], "Dot1l": [388.48570613655403, 44.18820861804272], "Urgcp": [663.1531747947282, 98.28927192255577], "Emd": [79.74974822581981, 218.86482927015476], "Arhgap31": [921.5325615642953, 189.83558946310586], "Fam189b": [48.89787627201008, 644.4235665048262], "Hivep1": [677.1228796109707, 81.14825665091035], "Rinl": [674.9255197850671, 39.588522056418526], "Tnip1": [745.6427968666428, 893.828177253341], "Skil": [249.93795162027564, 235.39292051306512], "Ell2": [306.8465305221124, 188.02663658255824], "Lyn": [297.44965147523874, 769.9515939441399], "Lamc1": [420.6295185816025, 402.2614146457509], "Rasa2": [777.1773438804164, 465.04582232143616], "Lonrf3": [779.960445876806, 105.21488312882428], "Socs2": [172.48032006658315, 575.9288835852378], "Dgat1": [857.5585690782227, 642.138319487059], "Cd164": [191.21156093941363, 139.22180850646959], "Crem": [140.50446012005915, 240.56445354317074], "Irak2": [427.5843712130211, 321.9321107326486], "Flna": [900.7881023413586, 109.70759719592263], "Flnb": [511.7885316940374, 363.20028155684145], "Hey1": [485.7074669255415, 220.91103572465556], "Tnfrsf1b": [204.16432916099572, 188.31341149318257], "Ski": [135.50659470706938, 743.1419562813426], "Dhx40": [434.40760195184964, 885.0990513487936], "Itgav": [827.355825668789, 94.47185374015555], "Baz1a": [279.2012822541177, 571.7344326807123], "Sec24d": [624.6099525893488, 816.601523038916], "Elovl5": [830.3252238554114, 622.9277198757586], "Cd226": [761.38376546978, 334.69611861834437], "Gna13": [71.2292219971651, 259.8346675685434], "Baiap2": [352.3620241991297, 787.6318762528257], "Ppp1r16b": [695.1930863956679, 228.51242085140626], "Mex3c": [841.2957491858494, 173.35100708784898], "Rn45s": [665.7402122067143, 285.266738884923], "Src": [835.3012301897829, 476.96175434539225], "Tgm2": [522.4292423432378, 967.506867808075], "Cnnm2": [743.8242166181398, 968.0695337895387], "Stat3": [606.2267596084318, 768.4603630344241], "Hmces": [440.8599182381029, 778.7954862522022], "Tinf2": [688.7255799241581, 795.8569308917943], "Pabpc1": [213.52030809122195, 490.37129290200295], "Cd83": [213.1706397368103, 105.47557010131362], "Taf4b": [97.4828767949308, 282.79280070673536], "Rprd1b": [763.7403198089908, 521.8999842522103], "Slc15a3": [911.4523784205131, 233.79495276834598], "Traf3ip3": [471.9358374528674, 686.351273257967], "Pde4b": [616.3968482591148, 32.00741268039525], "Kdm2b": [93.85465846121969, 697.484685931741], "Pde4d": [338.7526839578771, 684.1223727606166], "Cdkn2aipnl": [283.9934977935419, 526.3652501807162], "Pcyt1a": [314.74225773988564, 707.1480636176466], "Lin54": [245.98108121184904, 560.8595724469567], "Bhlhe40": [241.3164133237708, 169.77614155698086], "Slc7a1": [113.00467615685193, 770.0889777324769], "Med13": [607.9563178603978, 68.57851958775842], "Il17f": [795.2183981244987, 255.7469558843599], "Litaf": [328.6431457203903, 775.2782889528048], "Il17a": [732.6354246218252, 648.9562119100344], "Klrb1c": [381.07923044319244, 807.2049659912515], "Zcchc11": [226.2585136572094, 322.9020937520186], "Purb": [861.0778569859656, 430.47832411321156], "Il2rb": [857.846142207288, 807.9015827692444], "Tgfb1": [659.483705714675, 820.1908176630811], "Jmy": [515.2358154876372, 172.00194453731837], "Hspa4": [559.4646013551735, 980.975153038049], "Junb": [879.743993972618, 157.16497903439523], "Jun": [459.27016656581884, 381.42095694598515], "Jund": [381.6559667949993, 358.40991316417893], "Tex2": [475.64710315861936, 907.8594958380185], "Lats2": [730.2973616461838, 219.17091199678083], "Usp9x": [274.2738610811904, 204.69881196215084], "Gpr132": [250.78223656937038, 106.61008123893106], "Aplp2": [445.0233083700839, 910.2414286131669], "Suco": [946.1633437381468, 416.61430169895743], "Ago2": [390.20049155747597, 78.12990936870267], "Ptpn22": [670.1261978901388, 251.56469554493665], "Epas1": [514.6289273454482, 826.5624243219456], "Emb": [799.9619348096196, 622.8200865694763], "Tspan14": [869.1137949217574, 503.2178727035431], "Rora": [792.6455491495334, 562.9346623729483], "Hspa1b": [821.696762802914, 282.0257499745438], "Pik3r5": [129.870646465179, 402.21197612660933], "Gimap6": [352.2817346751701, 820.1426186661589], "Serpinb1b": [440.2152313258027, 641.3809745668675], "Hspa1a": [831.4081557681791, 313.6783585702459], "Serpine2": [690.6118129599927, 911.3326823924492], "Ythdc1": [250.83486843736745, 309.3923695585079], "Abcb1a": [899.1143964785781, 517.7232635120054], "Sytl3": [459.3417309690578, 661.1145722955624], "C330018D20Rik": [50.243055140347565, 683.2628290714015], "Cdkn1a": [110.5701092205071, 244.40835376447697], "Pfkfb3": [356.1930588359072, 657.2209141484603], "Rabgef1": [649.0135192560153, 15.255214735530785], "Cd69": [685.0952473661031, 153.94257747348286], "Sidt2": [876.8429550456945, 209.16705272926532], "Hk2": [469.0309374984454, 284.97253458922955], "Itpkb": [704.3898432424087, 623.0030614562418], "Dennd4a": [259.43851158105906, 490.5902004591057], "Arrb1": [862.8019794617742, 577.6769546317482], "Ptpn7": [122.29875241473906, 438.80190331660475], "Ptpn6": [385.6227191427153, 645.9178992381931], "Ern1": [692.6910514043306, 962.4127238655465], "Eef2k": [827.9607511607644, 657.3015348647758], "Lrrc8d": [150.66348648167485, 638.1731334510007], "Ncr1": [479.0413216845698, 875.5660981081869], "Cenpl": [110.7951822551322, 198.9034690793465], "Slfn2": [374.71830108468794, 390.16464145748046], "Dusp1": [503.3485058666776, 407.60878592118155], "Slc38a1": [783.672320898472, 498.6149039628409], "Nol10": [345.63572618616763, 42.1751379239775], "Gzmc": [800.4684776053998, 328.3655981337027], "Nfkbie": [264.7207998075386, 154.13254231790222], "Foxo1": [770.0336647161446, 787.1716990946221], "Arhgap9": [409.8062073320047, 771.7121119907548], "Furin": [639.4524921436094, 939.3787843215378], "Plxdc2": [698.9958399136862, 505.3177133147347], "Gls2": [864.6633253432067, 93.82021905816697], "Rab8b": [159.53064201748975, 545.3755461719867], "Smap2": [682.4293293308398, 316.6494806419448], "Maml1": [855.5721580119864, 777.3833849090503], "Pmepa1": [679.3050544097828, 762.571191163508], "Usp38": [479.973824101856, 716.047084243842], "Ulk1": [51.71286169628905, 723.7834601332185],