{"Il17f": [903.3640522466094, 555.1299756249582], "Il17a": [701.5016990198654, 55.4487787623608], "Cuedc2": [472.82521366738416, 562.7189392864542], "Epas1": [124.97310976467816, 745.5550343249913], "Med13l": [965.0364654712314, 198.87612197670836], "Nr3c1": [331.9968248520232, 678.7143780097192], "Ncr1": [92.23232854895417, 779.2462483262682], "Cryaa": [926.0381632103908, 475.71432584445415], "Arhgap31": [447.7925812918738, 95.1661362085535], "Zkscan3": [883.8428757258597, 199.30078873437867], "Arhgap15": [188.61286265329716, 277.3362883826064], "Crem": [96.12534883377754, 587.553910015383], "Kpna1": [142.97105532450445, 576.8565227955836], "Nfil3": [831.3634775490019, 718.9043657421207], "Nfkb1": [446.53578952728185, 688.2341102153136], "Nfkb2": [531.3588312927706, 926.7781475769992], "Chsy1": [543.2672600223847, 94.12938638745425], "Ski": [81.77338360024004, 328.04042240130366], "Mapkapk2": [894.338204568543, 660.8630308069293], "Pfkp": [706.8034983325242, 148.89870915447534], "Rasa2": [650.0367612550527, 265.28396667944986], "Tagap": [782.8084510752253, 468.1911469457908], "Ppfia1": [757.3397606778531, 180.42798993647023], "Nrp1": [718.4487430633299, 101.09180996403859], "Mapkapk3": [506.8494119115323, 1000.0], "Dhx40": [123.35716473615724, 829.3238559665426], "Tex2": [172.31775626313282, 775.6566977173901], "Lats2": [928.1960357874057, 629.6785163710271], "Foxo1": [348.89173337339747, 434.78038125287753], "Creb3l1": [150.52054050214235, 86.1455106333679], "Cd226": [882.6083791277688, 456.76603118100473], "St6galnac6": [489.3537830013549, 720.4115904940937], "Ppp1r16b": [781.8593569070949, 681.0297180850012], "Bcl6": [806.3333468575912, 557.5532307539252], "Rgs9": [616.5186610951456, 367.0326656443739], "Skil": [97.44573372691929, 637.9529066910155], "Ptpn22": [746.3447943301055, 638.6626951657862], "Il2ra": [944.7488174232838, 585.2397696580376], "Smap2": [753.428552838471, 522.432767735119], "Cnnm2": [481.628034335567, 830.2856338175206], "Stat3": [400.89851049018097, 411.486895417308], "Hmces": [34.963534528768605, 597.0796364053747], "Emb": [633.8035259382287, 15.571052571095947], "Sec24d": [298.98122304408787, 424.1277201638319], "Tspan14": [556.2503761403381, 228.3616618821526], "Rora": [591.0767805644947, 144.56457079687925], "Trf": [143.05822649178054, 339.77151645451795], "Usp38": [505.3553538983552, 213.3038303103986], "Hspa1a": [942.784051816032, 520.8964811921635], "Rprd1b": [587.1582584768739, 276.90143729624015], "Slc16a10": [107.08458964131052, 383.17061841529295], "Ablim3": [447.9723423889343, 140.92966561540874], "Ell2": [193.01381945165127, 629.8288112375579], "Cables1": [562.6321541114961, 864.2105253595062], "Atxn7": [462.6945961149734, 49.67097280500877], "Eprs": [653.0429479904601, 62.8497840620887], "Kdm2b": [202.06143141964873, 332.66893452985494], "Paxbp1": [372.10880658004834, 720.3884322855971], "Brd1": [156.68596979870978, 233.9863580326254], "Serpine2": [630.075116644946, 957.3437567515442], "Abcb1b": [466.19034196163807, 183.95899392405477], "Fryl": [597.6242456951593, 615.2652485013359], "Itk": [543.4660784283246, 688.0778725321347], "Sytl3": [193.89068354323564, 59.70011944815553], "Cblb": [833.8692352673601, 446.49433588302895], "Clcn3": [563.4513760409177, 43.18686464905579], "Cd47": [507.3316572025208, 40.77498496018302], "Itga4": [447.55431062929677, 968.3009784895366], "Birc2": [623.4275352637559, 900.5351084649268], "Slc35e1": [328.90892782342377, 371.1493409719059], "Mex3c": [855.5845574787745, 819.2800047099685], "Hk2": [938.9960879460905, 235.98864523105647], "Traf3ip3": [183.69600677598726, 827.2733669025938], "Med13": [401.52614423659975, 468.8340934544525], "Dgat1": [582.5896118931836, 0.0], "Rn45s": [727.6375765319985, 580.5210087793303], "Ppp3ca": [578.1214487544663, 993.9036103524306], "Lyn": [105.5277049649838, 268.94474120583504], "Mbp": [846.9526497259078, 664.1479545427031], "Ptpn6": [690.8954092107887, 211.6809927820674], "Ern1": [460.9869276541564, 907.8198632820006], "Cish": [459.1928862405358, 637.9835405466949]}