{"Sorl1": [256.75354811388263, 926.2794208490093], "Cers4": [467.84688223418283, 701.1630372519561], "Plekhg5": [411.56892400045683, 248.911734713434], "Cmpk2": [693.6633336052814, 431.1849445666025], "Adck3": [759.1859136617977, 381.3725773027942], "Rnf40": [840.2278542092449, 363.06298566658484], "Foxa1": [697.2264834493176, 402.99861931587054], "Tspan4": [966.7322052950619, 490.27940620232073], "D030028A08Rik": [474.08140160302435, 541.6635556957166], "Alcam": [746.9973318146842, 300.32169827648113], "Sept5": [500.54659833337354, 139.04236110434488], "Wbp1": [955.2597142092293, 406.7908190424533], "Bcl6": [485.50590257890445, 751.76317938815], "Cdpf1": [921.20251994913, 368.0589053836304], "Glipr2": [802.353110793109, 801.1401634380193], "Lrrn2": [445.2756263091445, 779.0452694000609], "Akt3": [742.044742834971, 335.0760320159764], "Fam101b": [285.3180655940747, 631.6512700741652], "Fam155a": [142.51241570842666, 273.2537846494998], "Acvr1": [454.7137557419047, 658.1939737784303], "Hdhd2": [977.0882026141426, 469.69246973401914], "Rnf130": [523.7651156886548, 976.2925524010946], "Ell2": [225.92488851275465, 92.34502332885921], "Ptprm": [235.72316789005583, 402.04283548757536], "Rasa2": [496.75816938714996, 965.2264952336611], "Zfp712": [847.5494931949754, 315.0389095793298], "Srsf5": [279.00474849466957, 915.664698344297], "Yrdc": [333.9968572796453, 877.1422190487174], "2700089E24Rik": [99.9636058543885, 777.6885613242807], "Cog5": [463.6130209143714, 249.20580850491956], "Fam35a": [979.7096021737768, 442.9592403521492], "C4a": [95.50391074667806, 429.16671227713505], "Cobll1": [497.24082274036886, 672.381284737971], "Stx1a": [162.36904179844026, 399.9258747964823], "Ppp1r16b": [528.6416086645721, 807.350691400595], "Map3k8": [578.1927511530648, 930.6760261177049], "Stat3": [870.7065607471507, 478.86615344803613], "Scg5": [455.00779225690553, 793.3261146323234], "Cpd": [65.38181378053218, 656.8440412580555], "Fiz1": [666.2527917247404, 191.6635518222766], "Pde4a": [541.6884616712119, 778.2456555003432], "Pde4b": [636.7432289252806, 893.5468909130358], "Il1r1": [509.3380428902367, 73.29037402081127], "Tdrd9": [521.1923841342381, 132.81131682684224], "Cap2": [371.71055473043214, 834.9280660189779], "Slc7a1": [879.8754730388107, 235.04812211005674], "Tmem109": [591.6209798895193, 890.3613709084107], "Ttn": [557.9314908935786, 973.692780492089], "Jag2": [421.1099083089971, 124.34648227975686], "Frmd6": [271.7750999812142, 658.5246603410211], "Myd88": [137.46229400077272, 412.85294024779796], "Atp2b4": [690.9246917438361, 346.69364506410574], "Chst11": [311.5694874462064, 851.3739748511766], "Cxcl3": [517.8241130557725, 676.0255445444602], "Chst15": [246.0171338452801, 598.7882041029785], "Tyms": [539.7014629117417, 9.803736820398399], "Golim4": [198.16609352404754, 318.8495782086811], "Thtpa": [507.09492824104854, 426.0545300053611], "Junb": [833.091225732061, 741.2744331231943], "Jund": [494.4083405606979, 36.218997763282914], "Tex2": [807.1160285246831, 568.1491868254088], "Ago2": [892.3983749820754, 386.1475916978392], "Il7r": [148.42380950671924, 346.95909994987153], "Crispld2": [98.36036396000611, 305.9090084991494], "Slc41a3": [240.72012777580085, 312.9196216082606], "E2f3": [293.55614572568015, 599.1703755621243], "Slc37a4": [878.6211229760324, 304.8740758368356], "Malt1": [93.54497038763213, 377.9915649157235], "Arhgap27": [866.5807710926963, 776.2801116507217], "Wdfy2": [323.78521814196074, 115.70493303891129], "Serpine2": [779.3012243512545, 161.10375134405427], "Ogdhl": [185.08424661871743, 654.1971572791783], "Timp2": [411.79759737327066, 717.0134023239054], "Tifa": [221.0434180450094, 570.1564361033654], "Arrb1": [560.3749378263154, 902.263664146353], "Ifit1": [157.45555279815045, 315.6801391816308], "Errfi1": [273.7966434190057, 59.3147870588636], "Lif": [503.7988004404782, 336.37983862982423], "Tomm40l": [299.3151009287716, 932.5814068759071], "Pde7b": [201.02147768564163, 442.5118267570265], "Lzts2": [20.290397826223057, 612.9991880820863], "Amz2": [458.67580911493496, 411.2621653471945], "Tusc3": [98.546778422113, 413.49484483375625], "Gm4944": [821.1746114115892, 811.1976009859187], "0610010K14Rik": [702.9849794880197, 766.4968797633707], "Klhl6": [720.8971065784867, 476.4967796408545], "C920025E04Rik": [530.3760622937136, 897.9291231520419], "Foxo1": [343.3821892725486, 796.4730878257676], "Dclre1a": [544.6666052348208, 85.88973524288338], "Rab8b": [245.33949500592928, 375.6005524087559], "Susd2": [427.08351120678094, 745.6747469348018], "Susd3": [135.33302446410931, 753.7410199848139], "Cwc25": [45.3509502315153, 643.0870233901397], "Odf2l": [183.80649411458518, 447.8668230097445], "Birc2": [735.3117136291338, 391.2778888602841], "A930001A20Rik": [414.8628665691722, 548.6108736039984], "Mgat4a": [463.47330773327064, 69.54944854603235], "Prelid2": [241.76760940656027, 421.44609820785865], "Tspo": [667.435692384904, 732.9240550062455], "Rsad2": [643.896801467349, 355.6327265274619], "Nfkb1": [495.8470109866761, 385.03105242650355], "Nfkb2": [800.8663723434094, 212.20090592870326], "Mapkapk3": [780.4685509511343, 217.46936980145796], "Ip6k1": [675.5597937359834, 274.67519607518545], "Znf512b": [446.3720840808561, 572.2594948523492], "Nme1": [740.6567886872544, 739.5310891117352], "Cd6": [748.4050142777772, 430.42550731141387], "Gramd1b": [489.40086583212315, 986.3938631852973], "Scimp": [630.2266046161272, 872.829266908858], "Atf3": [363.13955132016554, 141.684095971519], "Riok1": [837.7652472556246, 523.6040723693449], "Gzmc": [572.9232695938896, 757.0437655798685], "Dot1l": [855.9989357041576, 273.6583041246846], "Cad": [80.6981401512939, 400.8457399284497], "Inpp5d": [239.02929281186596, 686.6768462729465], "Enpp5": [514.6589583590267, 999.9517257816623], "Serpina3f": [899.9072799664227, 726.9429500530631], "Rbm24": [63.6076293522101, 550.0263474477763], "Skil": [249.10024177252296, 84.36234533684404], "Plagl2": [933.0190085025142, 391.7425764586478], "Gart": [173.11726315715282, 328.8874555437968], "Ltbr": [382.7688877282843, 97.1632430974334], "Poldip3": [655.6425383246889, 158.40291160602868], "Pyroxd1": [334.0384501779348, 747.3141038261278], "Slain1": [658.9903020707467, 339.62420921458965], "Flnb": [669.3587821445062, 453.48852878323066], "Gpr157": [247.15230968657892, 663.1939168436054], "Scrt1": [566.0044903648413, 881.8007591523527], "Baiap2": [839.0244090306481, 194.09101944661626], "Tgm2": [524.6612944970841, 403.80641911807913], "Cnnm2": [842.0840940380863, 225.01583912064189], "Zfp709": [403.8456199144623, 738.6563322648909], "Oasl2": [722.8190724825199, 752.391756013827], "Nmnat2": [785.7416132148362, 562.8568902476733], "Hoxa5": [534.748130368771, 952.3622248825384], "Pdcd1": [765.3608193320337, 194.18731334981044], "Cd200r1": [762.7124074796731, 412.3193839209101], "Krt18": [848.1901160518576, 758.8880991104916], "Uhrf2": [306.4817653136587, 121.30656282690757], "Sel1l3": [87.69218437941038, 569.0681077146362], "Gm166": [484.28135983031217, 231.5380070986851], "Apaf1": [429.20572287206977, 396.0584494112014], "Phpt1": [941.6517593914837, 476.10845383412186], "Spon1": [350.6637214363318, 742.7730010645116], "Hdac5": [180.87467782229106, 306.1581330615104], "Nrgn": [199.58144080185218, 674.5364310474289], "Ltb4r1": [217.43750329242033, 687.245224433343], "Gstcd": [559.8329941578249, 736.5159126213568], "Zbtb37": [613.2583126637672, 764.688791729332], "Aplp2": [798.7384665955028, 589.1482117439075], "Mettl15": [236.45784644011644, 851.645129910534], "Epas1": [751.1676192554991, 564.2405404111037], "Optn": [37.22315012839124, 570.372202729085], "Fam43a": [118.37127469451355, 311.6576182717899], "Wwtr1": [369.5848302663368, 686.1866737311781], "Bmi1": [832.3711062913269, 782.4674745512216], "Pik3r1": [630.1034468391181, 417.359710992036], "P2ry1": [100.75131444599276, 699.4158199338099], "Ythdc1": [230.67575106274995, 112.03533394276172], "Tmco1": [962.103152623449, 374.63749357320773],