{"Il17f": [814.7125878148312, 815.4249364921131], "Dgat1": [669.9411785023455, 855.7372360676093], "Ncr1": [328.33018197811856, 998.0866481656464], "Cryaa": [594.1962261308802, 817.8296236413037], "Nfkb1": [109.87566454103694, 419.6161552152193], "Nfkb2": [354.8541729188398, 222.153444418255], "Mapkapk2": [872.3221327218869, 760.4441212313046], "Tagap": [586.1900351914599, 533.0097691772945], "Dhx40": [249.14412164023759, 1000.0], "Nrp1": [339.19933978181314, 72.95819586988716], "Foxo1": [986.5156712922455, 226.08040858958674], "Creb3l1": [686.8435266732344, -5.684341886080802e-14], "Cd226": [488.01551191671876, 801.7319775618128], "Ppp1r16b": [884.4061334233998, 594.0677483679258], "Bcl6": [694.9369612526006, 652.0367090185064], "Rgs9": [868.6836226193141, 459.92558779903027], "Rn45s": [782.0554550664792, 550.6864026649957], "Ptpn22": [808.1652847611647, 489.59365620104165], "Epas1": [312.0924620310012, 895.1893696040622], "Smap2": [680.7648557697721, 539.4259748298748], "Cnnm2": [275.3960641297827, 349.81577108292834], "Stat3": [962.6074497604645, 318.730911810764], "Emb": [217.93272528331815, 231.1720980810675], "Hspa1a": [749.0858287249171, 859.1320677395134], "Cish": [20.83226756150134, 509.65263363536906], "Ppp3ca": [425.4210250069437, 131.87158080408693], "Cables1": [472.1695989696906, 401.3697327683585], "Atxn7": [525.8358090657532, 612.1365613727885], "Cblb": [521.1699984277227, 705.2081126863405], "Itk": [13.4843287077544, 429.2074398346617], "Sytl3": [761.9650069351703, 36.8169711344205], "Itga4": [243.88599335655888, 123.86654743242605], "Birc2": [472.80672989993155, 241.52845791399326], "Skil": [161.93646212121658, 831.2969415688875], "Ell2": [74.68527063922514, 784.2961999159616], "Mbp": [901.545504925268, 682.9493461991962]}