{"Ncoa7": [467.86436954701117, 734.7306354029888], "Cpne7": [84.93310036127866, 577.732398197872], "Il17f": [188.83615142655563, 254.77326621890342], "Nfkb1": [325.8422587371529, 574.771880133417], "Nfkb2": [66.94855653925799, 640.2305555097755], "Mapkapk2": [644.2253245823899, 529.7029652842398], "Pigl": [186.6621203793213, 385.54778480164987], "Psd": [0.0, 638.1566343825203], "Megf9": [418.55306515624864, 736.1684405548467], "Klf2": [362.34759737570425, 43.737196843689276], "Bcl6": [675.538350188154, 264.8951189117329], "Rgs9": [644.0620172137972, 791.2988350927296], "Mpzl3": [683.5946863715701, 177.94217560343378], "Gzmb": [597.1394037465302, 601.2326092908003], "Gzmc": [786.3817012116688, 289.07473166828834], "Nr4a2": [694.1444882804458, 604.5745126981897], "Lrrn2": [725.6002809646388, 141.48520958716887], "Large": [377.2813175194928, 755.3012962962838], "Cables1": [115.21400038391016, 680.9298021325375], "Atxn7": [478.96495725503985, 876.1000324770565], "Eprs": [377.60587057671165, 876.5311211068777], "Slc6a7": [599.2002188026836, 899.3659977034122], "Igsf5": [230.57557478343057, 237.1328256390239], "Rbm24": [205.35018119656962, 138.7583536206712], "Ell2": [240.86756362579632, 529.6310188763038], "Dlc1": [749.8034827472729, 266.34760848490805], "Ly86": [151.61582038794575, 359.9192527615333], "Actn2": [651.2697883023772, 322.08281743485645], "Lonrf3": [155.74911738010326, 278.9240181150913], "Dgat1": [478.0561039444966, 927.4637934215716], "Fasl": [698.7380630924417, 674.7791110762165], "Nr1d1": [271.1579123425168, 319.37015716382007], "Irak2": [826.9038938852741, 270.44563642106533], "Hey1": [272.6349982223407, 199.40739112013978], "Ppp1r16b": [582.7681305518342, 181.23600242911806], "Src": [570.299665183747, 930.6117145136002], "Il2rb": [994.1233275704733, 618.4266144994781], "Cnnm2": [165.84106770232302, 613.6579924287415], "Stat3": [794.3950204124333, 723.7183606517528], "Tinf2": [857.7863227554544, 802.3602643626184], "N6amt1": [640.9274607278542, 176.66946317201996], "Pde4b": [612.0355654931341, 145.8309227217298], "Pde4d": [709.4273692562226, 516.8518444145589], "Cap2": [705.0404732453121, 341.53264119466974], "Med13": [1000.0, 677.7979715125546], "Ttn": [528.6792488097394, 954.6809423401986], "Frmd6": [309.8469617051901, 240.3641818566091], "Pdgfa": [769.1732129946347, 522.4492444148631], "Cxcl3": [747.337049984412, 324.30123026660794], "Ltb4r1": [148.0619100465965, 318.66921715240545], "Chst15": [338.19653356718953, 284.2242682848209], "Il17a": [328.7655854472929, 837.7340186146845], "Kif13a": [380.050186680607, 800.8715733415315], "Litaf": [570.8788548858444, 554.9423992529019], "Tex2": [290.9730863720844, 624.5639704681015], "Lats2": [784.3597960966497, 195.10645490655133], "Ptpn22": [578.4138363911629, 225.38689524340572], "Epas1": [379.4941744748085, 582.3610854196525], "Slc41a3": [600.253529903417, 858.8663776157721], "Emb": [375.8246752810818, 921.51113835598], "Wwtr1": [494.6477641600441, 462.8435554441816], "Ppm1k": [575.6148669346182, 778.4598786029414], "Rora": [476.1745325516509, 816.116360041245], "Hspa1b": [811.960414354056, 319.58760966651363], "Gimap6": [643.179392178663, 642.9852766169445], "Serpinb1b": [825.3223190274703, 628.5680536072651], "Serpine2": [69.86799556742562, 721.2802760299023], "Abcb1a": [473.1714100230852, 962.3377802675967], "Sytl3": [766.2252194699929, 696.4094195881539], "Clcn3": [523.6199168586184, 896.7482226185109], "Tifa": [279.3097920796599, 382.10442421148855], "Elovl7": [400.54092364644436, 37.66221973240306], "Itpkb": [336.2508852350135, 797.1992507148908], "Arrb1": [438.6099253776736, 906.7038567088955], "Ptpn7": [407.06910440435695, 79.01441206202799], "Ptpn6": [816.6076913127015, 556.3910808318622], "Ern1": [28.057584379298817, 589.934075050428], "Eef2k": [416.4410868042491, 945.4778193949394], "Lgals3": [345.0043594030511, 103.67172726031879], "Xlr4a": [593.1469123132897, 368.5574523278473], "Slc38a1": [565.1017088312708, 825.1374726436409], "Tpm4": [967.7285578011656, 649.5413626989446], "Foxo1": [928.0425378570751, 683.2950803176499], "Plxdc2": [229.45059080427427, 362.1358732476099], "Gls2": [337.00739540450013, 877.8994192345332], "Smap2": [576.037887882358, 274.0411335378038], "Usp38": [794.9893598040062, 652.7984386581261], "Osbpl9": [520.5052413736607, 753.1451158101005], "Susd2": [555.1090517637302, 340.6698252270636], "Cish": [231.23998520079977, 566.9774881095796], "Klrb1b": [810.3716134421525, 226.79849459707867], "Klrb1c": [476.3286535175085, 580.6201625371048], "Cwc25": [242.2290159260848, 120.33091972054842], "Chd7": [746.7909518045849, 636.2140980705781], "Aff4": [327.7571708381078, 342.21978865855795], "Aff1": [781.2187184328592, 595.4433736518737], "Lrrc20": [754.0945514522087, 171.49773258038027], "Mbp": [682.225400734297, 131.9366004408801], "Rsad2": [21.431818975836165, 695.7489594266908]}