{"Cers4": [278.7214291950521, 785.3629335629926], "Gab3": [307.84532726273403, 870.1794429252825], "Rnf40": [906.5894518883895, 577.1753422757395], "Foxa1": [775.0939873843543, 433.9043980793169], "Pde4dip": [395.3808074643471, 77.08222989959353], "Mb21d1": [690.1193384596509, 827.6667670527386], "Slc6a13": [394.05207288285567, 404.9401498087291], "Nfkb1": [637.7725533044877, 395.46172926992665], "Nfkb2": [487.7891204119643, 113.38626314853161], "Mapkapk3": [432.8829408588499, 28.211953655153934], "Ip6k1": [810.4514576535838, 612.0431410533739], "Itgb4": [350.991503717936, 490.8940916084095], "Gls2": [695.5360667155239, 73.37466675705281], "Alcam": [653.9973222045936, 281.1766911398963], "Pigl": [103.4128998415353, 472.24203577154515], "Foxo1": [999.9999999999998, 476.53046706830867], "Megf9": [71.08099285754861, 162.92934240748775], "Hgsnat": [744.6266516229099, 56.79648830347031], "Mapk10": [463.02211988649043, 740.408779672269], "Bcl6": [207.04086067042743, 796.956100375199], "Rgs9": [315.67339146014444, 480.2728381025988], "Riok1": [952.7040796684773, 445.83628761460415], "Mpzl3": [692.4178816827932, 178.24022607200226], "Gzmc": [258.36145716341116, 846.5362541619547], "Lrrn2": [163.6899169093552, 873.2914872755612], "Zfp768": [810.2613368745318, 798.5272110035696], "Large": [734.8974514264397, 484.7297280453052], "Rpl13a": [161.99850001110963, 399.07195808313577], "Akt3": [744.7291810528598, 354.2965618046952], "Slc16a10": [33.06024619666573, 731.991861872503], "Cxcr5": [503.71509979650216, 573.3195188652141], "Cables1": [441.97102662743686, 773.6275359126241], "Auts2": [586.774773831371, 844.3154575330731], "Slc6a7": [428.53658079659544, 383.6615855071383], "Kif13a": [306.0470018771589, 507.7045903521432], "Dnajc6": [658.3304695868005, 844.4232350664996], "Enpp5": [511.3362742853065, 35.51796771739237], "Serpina3f": [640.0343616833845, 82.44652883096552], "Tmem39a": [206.5514653510682, 152.7164253038154], "Rbm24": [621.4775794940759, 745.9867646996911], "Mtif2": [660.4865297753149, 160.71581159119756], "Aldh16a1": [649.3328567777949, 54.19049050212493], "Ell2": [817.6036376215795, 152.1585410597046], "Lamc1": [777.3743363430132, 490.40599934246234], "Rasa2": [341.5605806861193, 531.1620777631988], "Ly86": [497.4938737405229, 759.8793178956283], "Actn2": [217.99807573747347, 751.415468269196], "Smpdl3a": [839.7102428848152, 518.0973825159251], "Lonrf3": [761.8347933420714, 132.13245058187198], "Dgat1": [480.73259463241374, 595.8676351919069], "Tmppe": [632.7140800381256, 341.5752412018006], "C4a": [502.1668544206235, 481.2594097060128], "Nr1d1": [94.37048269356984, 416.67954613363383], "Irak2": [128.19620929468977, 169.38583160921053], "Flnb": [861.133615134394, 412.44498871618856], "Hey1": [619.7783106349292, 804.9152759391292], "Stx1a": [343.79184419271724, 407.05594036714655], "Gpr157": [49.98497072131522, 439.34659736844316], "Mrpl30": [22.84232625097991, 667.7000875774092], "Itgav": [770.6052307612833, 75.74267940402046], "Nav2": [322.19641160430285, 573.8058873169153], "Cd226": [45.65107545521897, 363.9021746426073], "Mcat": [732.6355053413052, 185.67002067113455], "Baiap2": [457.37776516314716, 84.12436487368092], "Ppp1r16b": [121.6179630495825, 774.7289345067647], "Skil": [863.7776111911464, 164.57564901428572], "Src": [397.6286329360263, 373.91401331956644], "Tgm2": [603.8079577084532, 319.9398599580499], "Cnnm2": [508.27601761237, 72.09806673644601], "Stat3": [969.4787003423221, 482.7138269341743], "Clasp2": [190.37410902071576, 215.83138206832322], "Klrk1": [820.4720909944156, 479.5767985214049], "Cpd": [603.8303139495572, 889.2104088745617], "Cd82": [783.1528448291136, 308.7346436608428], "Oasl2": [672.5670570216893, 786.6921352691907], "N6amt1": [166.2536239525623, 842.0667341622334], "Fiz1": [817.6013891260313, 718.6877051652126], "Nmnat3": [125.92145437790435, 119.28840194220282], "Pde4a": [143.80501083471756, 802.468081980426], "Pde4b": [52.89016749911309, 690.8751677227558], "Pdcd1": [408.6222718782345, 48.504023568493665], "Tdrd9": [186.729170107183, 127.28901099618008], "Nrgn": [68.73516815193182, 490.06503668575795], "Xkrx": [98.62106973281493, 344.1736847513894], "Cap2": [255.4915830744972, 760.9107718983887], "Ttn": [433.6125914310077, 426.29064349155806], "Cd200r1": [787.1174881193375, 385.6409875015852], "Frmd6": [-1.1368683772161603e-13, 425.0242203070663], "Myd88": [302.85747087685763, 542.403537651577], "Sel1l3": [578.158308709203, 776.6001715467271], "Cxcl3": [308.5807856862719, 837.9037086343426], "Ltb4r1": [37.87707904690808, 478.8333602956112], "Chst15": [15.342036120036937, 364.6933408557868], "Pde1c": [752.5555071875968, 537.6143478868671], "Sgtb": [145.35738197466657, 742.2555242776239], "Tyms": [77.48730513702242, 234.35131485687265], "Aatk": [64.72107149053619, 339.61557535778223], "Lpar1": [767.7213313688226, 170.6853383264359], "Apaf1": [603.7065461141096, 385.6328349026726], "Gm16702": [13.346965071515342, 452.26949972654705], "Laptm4b": [464.9342540909165, 20.1628283760744], "Junb": [719.0748817434327, 131.3812927397385], "Jun": [130.48320650263992, 210.83822413558647], "Jund": [89.68028452099622, 197.33672706013058], "Tex2": [915.188591993473, 330.8430523614242], "Poldip3": [852.8421982993102, 736.5923212621989], "Gstcd": [281.37446732677955, 872.4888341582908], "Lrrc49": [192.04175353673565, 887.8891110728086], "C2": [554.2004443506115, 423.3779960362388], "Aplp2": [942.3082282071057, 339.38261735079277], "Fam184b": [450.85207521250607, 494.1993382781024], "Mettl15": [851.7990924198641, 686.2192522971434], "Eef2k": [420.2794206443217, 601.9178496913364], "Crispld2": [516.9994704191439, 545.2802951635167], "Slc41a3": [349.85486058601094, 433.790604399082], "Emb": [440.48678799327485, 569.5055873982835], "Wwtr1": [152.13277910429912, 622.5333321833357], "Krt18": [786.3471981148953, 104.92440697844808], "Ppm1k": [379.515895367619, 605.2864625039488], "Rora": [411.0863440139256, 509.0134320572089], "Hspa1b": [232.6861659709042, 900.7586636649769], "Hspa1a": [255.09799493919036, 884.061238760225], "Arhgap27": [677.8968047780052, 45.774642759650305], "Wdfy2": [466.8800267660949, 419.0408813092364], "Aifm2": [546.5760730104355, 969.2483363926473], "Batf3": [451.90869358797545, 689.6647853539454], "Hpgds": [579.2210675554112, 356.52011243089424], "Serpine2": [396.5929168843211, 111.0007574895734], "Gm4956": [473.3062862139627, 784.5602249995609], "Wipi2": [816.2133712707334, 691.3750642636886], "Zhx1": [861.8634132448788, 498.00937954938416], "Tifa": [130.25444842017168, 362.4646412561188], "Tbc1d10a": [417.676402355449, 142.67332005900886], "Arrb1": [13.106765583851256, 704.8620128363086], "Ago2": [980.1065538722544, 513.8600591120593], "Ptpn6": [369.7227876747195, 567.3717864367534], "Ern1": [480.2319429725633, 53.775491788232046], "Egln3": [168.3581264399778, 181.63403245389264], "Il7r": [399.2205663341938, 480.6203032963579], "Nos2": [727.546723072823, 516.91060349155], "Thap3": [586.5711792432379, 937.864129588331], "Ryk": [543.1141006495267, 683.1257360945535], "Znrf2": [814.1277251023464, 423.36452699929504], "Fam167a": [464.25574286253845, 536.08133435708], "Ncr1": [915.7731187458043, 303.0855237626905], "Pde7b": [347.7234746266597, 599.0921352115578], "Capn3": [211.83345445087724, 187.82396737242655], "Xlr4a": [196.00458116177305, 703.489184852074], "Tg": [387.82782244146864, 430.27598491844753], "Cmc2": [299.17459312458936, 808.9434355711423], "Rai14": [783.618208397807, 539.2180581873563], "Slc38a1": [314.8842493999715, 445.4099221009478], "Gm4944": [715.6283403085233, 45.00539699491935], "Klhl6": [854.9026027990609, 452.39548144288545], "Cd6": [807.7655924898089, 353.9555863023295], "Ccdc6": [514.3990755022796, 513.2292172734167], "Fam71a": [54.03173505616178, 210.85797020337347], "Plxdc2": [148.24912282885248, 450.2032928817431], "Epas1": [875.8835171431297, 368.00233740217504], "St3gal3": [362.0983799039053, 383.3294289724959], "Acvr2a": [484.4769262522675, 449.622740795597],