{"Smim3": [209.14827857501191, 841.2349813972664], "Ncoa7": [252.30921527773083, 229.32775069724468], "Tnfrsf9": [619.7291927129954, 787.3800063024103], "Kpna1": [499.54132971161545, 612.2139238785754], "Nfkb1": [769.7491510583859, 275.5178196507633], "Nfkb2": [872.5589682085739, 125.44742721915026], "Mapkapk3": [138.8868953648235, 824.3921477807792], "Mapkapk2": [668.7276475530127, 559.3277822559886], "Gimap7": [400.9840295077172, 464.1262502309084], "Itgb2": [200.1149831980527, 278.4277865677169], "Ppfia1": [256.2835638197425, 353.28603579693277], "Zbp1": [168.91193606667093, 850.3978061890895], "Clec2d": [232.4873951297107, 101.56838814385713], "Psd": [16.358041902983928, 510.64265156293214], "Klf6": [105.80395235949885, 648.1811550004469], "Ccng2": [239.1380391420978, 62.380978666023054], "Klf2": [155.62209038704526, 783.3387131606567], "Rhob": [130.26217735824025, 711.3378069983547], "Bcl6": [640.496932045576, 135.19154453465438], "Rgs9": [437.9028953994605, 159.85617637930204], "Gna13": [235.29852070407497, 470.5118758346665], "Kctd12": [466.5690729644447, 864.5278162643394], "Nr3c1": [488.63668068022986, 185.25329132571522], "Riok1": [833.9783518973663, 390.09771356234035], "Arap2": [302.81325006123166, 53.40363183018394], "Gzmb": [521.1013539204664, 476.15979551759017], "Gzmc": [693.5037171077331, 51.320898147492244], "Nr4a2": [574.0389295108646, 501.866199735019], "Trf": [468.27485373742, 968.0979100251152], "Large": [217.88663344832696, 199.23793984780414], "Clcn3": [207.43154513541265, 79.18850344849454], "Slc16a10": [873.2110839590665, 800.0786466386004], "Cables1": [904.8518021657246, 97.82386123254736], "Atxn7": [809.5460169770438, 784.9525409682872], "Eprs": [158.00995888048595, 190.0235427651978], "Dot1l": [65.27112532100261, 495.5813297434879], "Arhgap31": [845.763157574077, 776.8045310553282], "Fam189b": [421.2173110140909, 882.7288361269154], "Hivep1": [827.2209742821053, 475.2307172491138], "Rinl": [792.6269869518005, 457.55169249356726], "Skil": [447.2754881210229, 410.18805758403903], "Ell2": [468.3453806665624, 275.8603188652395], "Lyn": [656.1229837244186, 529.1137015926714], "Lamc1": [158.0197000584373, 593.64556179985], "Rasa2": [336.27208430380335, 239.97566492178933], "Lonrf3": [857.6742682654192, 617.5835980320788], "Dgat1": [222.20364837886228, 133.69715481260204], "Cd164": [570.8486813365239, 310.2784682562591], "Crem": [279.8461739413657, 461.8216535601321], "Irak2": [194.62214437637442, 663.2353530420623], "Flnb": [252.0750300866577, 647.853737448119], "Hey1": [273.26988290587815, 751.1573070849495], "Tnfrsf1b": [527.4312373618151, 361.92604938742994], "Ski": [551.7455474701067, 939.7294001550629], "Dhx40": [115.35531548117575, 351.5487005838796], "Itgav": [835.8356619328986, 685.4901421026964], "Baz1a": [544.8098585141357, 776.8012464636554], "Sec24d": [843.3913198723453, 351.07868902783457], "Elovl5": [165.9881557067178, 120.04588346548735], "Cd226": [667.1474104194829, 32.25571198359586], "Rab43": [613.2574827266835, 726.8456673068792], "Ppp1r16b": [592.2119316552447, 89.17581766980845], "Mex3c": [930.4015036568442, 693.3921003660532], "Rn45s": [602.8043371086509, 31.902089974884916], "Src": [294.1113617631912, 122.20079544800285], "Tgm2": [801.6613257763695, 240.89423770696663], "Cnnm2": [862.5687534053084, 71.682948019391], "Stat3": [792.7202900557886, 418.0717401724247], "Hmces": [600.3374353986144, 441.1507243935494], "Tinf2": [898.0697302663359, 419.9225565374498], "Pabpc1": [568.3350830871627, 679.9683985779224], "Cd83": [565.0499127323769, 265.66046655954233], "Taf4b": [228.8218925789921, 506.537472820321], "Rprd1b": [369.7943101325433, 144.15900495866123], "Slc15a3": [907.0012976555613, 772.3616278088355], "Traf3ip3": [499.2321084414069, 446.3511870719668], "Pde4b": [893.9378514787146, 533.1115119135709], "Kdm2b": [482.3419134739322, 912.9946427979639], "Pde4d": [617.5422752411658, 596.5205994488533], "Cdkn2aipnl": [503.44051792026545, 753.5269822731022], "Pcyt1a": [645.0895640677077, 581.5277048462624], "Lin54": [554.3501946164597, 701.7426188649242], "Bhlhe40": [502.4598197711837, 328.501957223817], "Slc7a1": [516.0167734243051, 963.7531876363153], "Med13": [895.542140969047, 491.4422152180091], "Il17f": [703.767501744321, 151.57374269128408], "Litaf": [654.686122906439, 494.87362855735046], "Il17a": [168.2397111370148, 226.637175469599], "Zcchc11": [38.42444959859057, 656.5494689042359], "Purb": [374.95003052130403, 219.0204864960299], "Il2rb": [998.5853394063856, 375.3913661939024], "Tgfb1": [875.8742090160279, 377.68845861231375], "Junb": [868.0444569062822, 726.186830571712], "Jun": [198.63283448345777, 576.9405483766478], "Jund": [156.8042756182105, 638.6237943000183], "Tex2": [112.82263775665785, 410.00331998049876], "Lats2": [635.3458035020547, 89.41498390280015], "Usp9x": [439.833270280657, 327.52409730416423], "Gpr132": [522.0386496939885, 272.2396253201399], "Aplp2": [94.8597717655145, 379.1023017912287], "Ptpn22": [579.1539424276313, 56.541673257296395], "Lrrc8d": [519.6866881233112, 832.1187203147554], "Emb": [154.89388835096162, 156.57884038087792], "Tspan14": [313.18192208019553, 95.64743490604502], "Rora": [274.76215412173053, 177.33579189800543], "Hspa1b": [720.7664050422038, 114.56926404791466], "Hspa1a": [713.9158817691853, 77.69623871664089], "Gimap6": [461.81788126898255, 511.61026029171353], "Serpinb1b": [515.0610186083314, 565.9419158721706], "Abcb1b": [336.7728175300328, 63.54464418657233], "Abcb1a": [350.405844922014, 94.38856489981214], "Sytl3": [513.6986213618136, 521.4425638574149], "C330018D20Rik": [427.93514064685024, 918.2709452141705], "Cdkn1a": [181.65151450588917, 484.82174550579924], "Pfkfb3": [587.1381356436784, 583.4103443724888], "Rabgef1": [843.5872252219631, 525.8199810638539], "Cd69": [761.974295258894, 350.2372138261124], "Sidt2": [929.3908651380541, 734.1688657843963], "Hk2": [240.94483340381774, 689.4462256450499], "Itpkb": [202.80661345587168, 232.73444697476125], "Dennd4a": [488.5449174612462, 700.1501464594076], "Arrb1": [271.0978768206939, 59.764705838906195], "Ptpn7": [187.8190458658667, 813.4511916001215], "Ptpn6": [552.175312190464, 583.2528231084272], "Ern1": [840.2640618149255, 115.65690003032182], "Eef2k": [189.974263514447, 138.86221378615465], "Epas1": [203.9499661113673, 388.6411620616492], "Ncr1": [143.48222439180972, 382.7166808587521], "Cenpl": [202.47551816685586, 455.6866683741193], "Slfn2": [127.67967439408187, 633.7425927665515], "Dusp1": [257.2859250209772, 610.7719285369644], "Slc38a1": [321.8377246190804, 153.38252411932348], "Nol10": [0.0, 481.7268623061113], "Tpm4": [969.8752989514511, 339.8687237090612], "Nfkbie": [475.5192726183376, 333.29386456729856], "Foxo1": [930.7909287680181, 369.2501251424812], "Furin": [841.2489039994039, 182.5306299021034], "Gls2": [810.6153553173083, 738.6324626135727], "Rab8b": [637.68809937395, 756.9347500507573], "Smap2": [635.6681240379161, 32.13927181676655], "Maml1": [1000.0, 334.77269517228405], "Pmepa1": [871.9374974791189, 433.4835082631453], "Usp38": [423.26709815279224, 367.70842650588764], "Ulk1": [425.6892191974809, 954.0206649091849], "Osbpl9": [260.72096952122945, 273.896294213901], "Cish": [835.2915235716998, 247.346831299165], "Klrb1b": [672.2483621980556, 125.7218942938253], "Klrb1c": [652.3732169248183, 453.36035000060804], "Cwc25": [301.851721697948, 812.4443424633098], "Xpo1": [583.9363889758421, 789.9201034519333], "Itk": [668.6019426036905, 394.31960899792796], "Chd7": [835.0669477676844, 432.7962954613678], "Aff4": [491.3074347469048, 85.00031193981658], "Birc2": [903.758188980776, 155.2558597463799], "Aff1": [468.490617368801, 461.8243819229621], "Neurl3": [544.7850595418863, 896.0383105279847], "Mgat4a": [215.12786320735123, 608.5241523169504], "Mbp": [898.7698061104594, 664.3474251486571]}