{"Gm5544": [389.88924224496799, 880.41978743402979], "Hs1bp3": [233.29199222140898, 594.32725383986758], "Med13l": [615.26402473248243, 627.13296381366501], "Ciapin1": [930.67682555016268, 340.66114905157241], "Foxa1": [819.0456028048975, 576.89820172954398], "Ncoa7": [485.0447716333714, 962.7307099324928], "Cnot6l": [869.89271778198645, 805.62589083253613], "Slc39a14": [88.421990653384341, 601.71921937914294], "Usp42": [572.39668159699147, 109.09028076120387], "Mynn": [171.38947846076587, 847.0566568631549], "Rnf215": [552.70817898601115, 5.0223932240759268], "Bcl2": [660.2705758122022, 893.65509750112028], "Tet2": [89.106159613516866, 333.62486357557435], "Tacc2": [102.9562677251887, 367.80910570502016], "Ncapd3": [335.45860262267701, 949.72144181146166], "Zfp219": [397.46461406802717, 468.89030139520077], "Gngt2": [358.56731180889295, 900.3723920024845], "R74862": [969.93384594458416, 348.6759025753812], "Rmi1": [406.28169875219186, 19.035369130430809], "Hsd11b1": [315.47471864566239, 487.72580570193901], "Ptprs": [985.88865552251684, 394.64994356659582], "Ezr": [420.94628928718794, 752.68422918121621], "Rnf130": [445.5331204106418, 2.8068327643298971], "Art2b": [840.8760746706356, 658.55132655031218], "Ptprc": [954.23728331911036, 498.62253471107061], "Evi5": [233.28890354844106, 725.71787963721556], "Ptprj": [992.90153742340522, 443.49799356948677], "Il1rn": [567.1194025053951, 166.93353269935733], "Zfp105": [422.8108404992447, 384.15492713817935], "Slc35b4": [173.2828077290867, 514.26169528899425], "Knop1": [828.73094303979451, 135.01322231982954], "Ifi47": [361.64220467098812, 413.72536504297813], "Zswim8": [216.01200764902268, 824.78361611711728], "Tap1": [96.646667169164061, 449.2881965949037], "Ubash3b": [358.9817806218432, 63.732575114937049], "Calm1": [619.78009182873734, 841.52503268949829], "Map3k1": [871.35694039264376, 684.4310528484915], "H2-DMb2": [0.0, 487.17723817550763], "Nrde2": [784.80853062768233, 422.37056447340717], "Hs6st2": [263.32853207647418, 544.1038052921831], "Pcyt1a": [615.34678094583546, 570.33279051528154], "Naaa": [151.81677804223807, 803.63215454753799], "Gm11978": [38.812625913210582, 655.67213468836053], "Fancl": [914.02810601718397, 768.60530668406955], "Frmd5": [646.53619766899033, 298.12650752534591], "Pgk1": [508.27928030915689, 918.17769605516503], "Cxcl3": [699.26170303556796, 892.88199644779638], "B3gnt5": [854.55308337694009, 855.9865210274329], "Dgkh": [370.44543648775345, 731.21242209711841], "Ralgps2": [822.56665120347088, 249.17606101571391], "Psmd7": [666.02186552247053, 675.31716676159567], "Junb": [754.42845120271738, 75.350511870196101], "Agpat4": [790.87630404976267, 468.61025534714565], "Nlrc3": [709.33155826806569, 719.13106287318828], "Tnfsf10": [87.962208071026566, 288.57140140680269], "Wdfy2": [421.3584520948844, 118.16123170305025], "Arhgap25": [842.07752036975216, 397.21012511765332], "Fam134b": [733.15306061414958, 768.15183644302715], "Ap3b1": [900.03365236869115, 414.99089800163841], "Erlin1": [172.61661071795834, 712.84896104693109], "Limch1": [896.81052028973465, 279.2428851233625], "B4galt1": [821.16567049157732, 852.77021852740256], "Gm11981": [49.440260147559684, 716.53088355510647], "Ebag9": [274.09923644748386, 393.65357702821285], "Rab3ip": [911.66653738953573, 308.15594631486948], "Rfc5": [682.97414208081966, 43.521531864273129], "Pde7b": [550.24376145894905, 744.21318946350084], "Hgf": [110.6297652419961, 680.56636985326986], "Soat2": [119.99024710521314, 210.32153743140861], "Sesn1": [211.46677254017413, 95.177201677083644], "Tusc3": [212.86510831343907, 271.09929421145716], "Gnao1": [377.94501802722391, 939.02678982529233], "Tgtp2": [210.21707861121479, 364.60717887322807], "Hilpda": [178.03884041403563, 634.19209730058651], "Pi4k2a": [483.37209244545323, 859.78726706552322], "Mxra8": [132.92814608941273, 759.49644610231996], "Ggh": [63.203868788952377, 259.98257191216942], "Pfkp": [576.17388452527598, 896.5974565923982], "Gm12185": [76.161369028676859, 774.86331689771805], "Slc12a7": [123.37225533564981, 315.08389199813041], "Uhrf1bp1l": [430.47990173080615, 69.639663846253711], "Kdm6b": [721.19206388535144, 63.419262990235325], "Osbpl3": [703.76828045521472, 277.17722629793133], "Nckap5": [442.33413468122592, 957.60130351132864], "Elmo1": [152.77496722132128, 584.08411564287553], "Peak1": [636.69110756208329, 921.10944849805105], "Osgin2": [655.26171532061824, 260.96637406146834], "Psd3": [598.35691548073521, 735.27959415518637], "Gpr128": [182.38099949701797, 574.09222358669911], "Rsad2": [598.42809226747192, 69.362652265712654], "Mthfd2l": [105.29379341491335, 774.56390258110912], "Gpa33": [319.77032846312943, 816.46457185919553], "Csf2": [768.40726300494566, 911.97451732090849], "Samsn1": [457.97799477406113, 32.048145715455576], "Asap2": [811.30874104428381, 723.56304090946639], "Fars2": [914.18066465051095, 734.32639225817923], "Irf1": [713.48384481122787, 136.15371081768535], "Spcs3": [180.55614714209588, 129.0735106806701], "Dym": [316.67993372014354, 319.30620784256394], "Spp1": [334.52339083775087, 167.24811201894386], "Gramd1b": [15.453814731149578, 457.8507151544984], "Bcas1": [731.60362616302143, 911.02076601406065], "Bace2": [756.06046373385004, 854.19843102952609], "Zbtb16": [416.22554552732754, 154.89994108222788], "Nr4a1": [499.14244417773943, 502.672278915427], "Plekhh1": [469.97700610018126, 804.32320488782625], "Il15ra": [524.36369330438288, 173.59718426809252], "Zfp36l1": [372.948155322535, 548.83805289603401], "Fam216a": [801.53544235722052, 761.10751225642116], "Rbm20": [733.70722360484626, 194.9879162608031], "Pclo": [625.36625766067516, 487.09579179948798], "Lin54": [902.51094365173242, 355.31882362173064], "Abhd4": [563.64243355371195, 230.85174624562899], "Gkn3": [60.242328379506034, 559.01001089689441], "Tespa1": [165.16827541329451, 355.4049433620404], "Ston2": [190.80290352775393, 219.22963561527251], "Flna": [918.15542470832236, 559.83750658638246], "Rgsl1": [511.29866277662427, 71.968485069616349], "Foxk1": [737.29794709720659, 557.23000802655201], "Atp8a2": [809.99474415063423, 890.3561400169732], "Gm5127": [340.72292565347533, 865.84941390070298], "Ubac2": [305.87938065835641, 172.45747429498192], "Mbd2": [761.44140193416831, 741.68054844929145], "Vasp": [519.52112116266767, 37.593402648315532], "Prpf6": [512.47722624259313, 880.47439874676377], "Tgm2": [135.62103387891409, 373.67365532213228], "Cnnm2": [942.2006106433181, 713.04697968060668], "Med12l": [628.67891501915574, 689.77924106806404], "Tbc1d30": [110.28975190490053, 488.61786660241256], "Mief1": [259.93439429532009, 672.76509445418662], "Slc35c1": [135.47523982275413, 536.45292778953763], "Rgs16": [575.48372424771048, 34.788152643093781], "Lrp5": [991.95775773814444, 490.56330110034753], "Dclk2": [721.89714889651543, 949.85945152758848], "Mical3": [354.68218237182748, 678.0725363358747], "Cd200r1": [854.55167648811346, 554.45508150242517], "2810025M15Rik": [306.80252592142278, 674.88395395626048], "Hectd2": [15.9745414929763, 629.19668182735711], "Pdgfa": [572.35762750619244, 838.26717223022695], "Fam129b": [673.27063362996307, 799.02851227126393], "4930430F08Rik": [404.36299274911471, 622.42773423566166], "Ephx1": [96.866519183001856, 649.36618321384185], "Ttll1": [209.40596767257995, 323.16221765245604], "Traf5": [172.77546093568628, 254.02513641611097], "Nrgn": [810.19436977240241, 367.79302815155131], "Abi3": [605.62356816635656, 197.13127472262045], "Ltb4r1": [972.38131048649905, 667.69668550571782], "Mettl13": [504.59432714022967, 674.0297716456339], "Gpatch2": [274.7930871370433, 728.24195630385043], "Dusp10": [337.10204446559982, 252.36153036101973], "Arsg": [859.22774379271448, 602.29741808031974], "Ubash3a": [327.2819623993509, 87.914890327316812], "Zfp92": [293.05471325729036, 781.44443764582809], "Acoxl": [752.79063800377617, 148.27328916439956], "Plxnd1": [364.19952812518903, 824.39521751556811], "Gimap4": [32.702738216516082, 346.66783306309986],