{"Selplg": [83.730881272489569, 278.370523814796], "Golim4": [148.21318942119899, 714.89216963793456], "Tgif1": [35.03639541136215, 154.04159711742386], "Igf1r": [257.97022219668321, 266.53064952796643], "Irf7": [417.49311165035044, 111.0190240490349], "Pip5k1b": [91.594200685721489, 879.19236961066292], "Nr2f6": [290.17529571693382, 859.97888506067238], "Gng2": [771.67381185855049, 991.6444379123958], "Mbd2": [882.07116600030201, 190.02259583660566], "Bcl6": [885.57000527309924, 354.04977540541472], "Vdr": [135.85559277905503, 466.45515874885507], "Arap2": [189.57728854275683, 1000.0], "Maf": [775.58992136141183, 796.39276621224394], "Fkbp1a": [964.30960871531943, 257.0428718372255], "Tnf": [36.794907062445816, 416.60274737768498], "Arhgap26": [569.94298509701912, 42.673912782146203], "Pde4b": [964.96360458863785, 792.30002867709618], "Rasgrp1": [810.55486862021667, 565.48372789586278], "Cyp2j6": [542.75943322438843, 822.84806058524111], "Cd200r4": [194.15832178228641, 867.03091594229579], "Gpr183": [213.53404227314724, 391.01299851993679], "Fhl2": [642.95661614716175, 946.25916590310226], "Rhobtb1": [661.73892033529432, 672.63548865555913], "Ptpn3": [923.84565236784749, 662.18049695423042], "Lamc1": [877.58012375391741, 901.28122962482155], "Mbp": [474.73539391038202, 0.0]}