{"Gid4": [409.68809311918858, 203.874806798452], "Smn1": [442.82859243460496, 72.706290321065069], "Ipo11": [228.4542140744974, 176.21662365270606], "Nmral1": [204.33787219779907, 673.63188316119772], "Alg3": [739.18769080961715, 244.79818095875191], "Atp13a3": [725.80588135565245, 332.48559418577531], "Dctd": [252.30059679293308, 818.62092916817278], "Vmp1": [930.43672822245594, 321.4032644790517], "Txn2": [888.3063448996088, 293.30272240402132], "Gatm": [385.31555465777063, 232.37064080062569], "Polr1b": [791.93264968324934, 470.83481777422224], "Atic": [279.77467685871363, 840.29443108381918], "Prim1": [310.08002348733351, 267.26314927693898], "Polr1e": [812.51680973621569, 491.4154911674915], "Tspan4": [125.02225911235024, 858.21541764570634], "Sp110": [668.16727272167657, 943.01745016677739], "Gpd1l": [128.83089338336015, 721.51260783404302], "Msl3l2": [222.54479099926155, 649.78234405354931], "Chid1": [187.82688014629792, 267.09343420031246], "D030028A08Rik": [878.82684152176421, 813.01282145870039], "Chek1": [219.61795476958517, 292.70575284763589], "Tmpo": [224.08012501559713, 893.30489064234621], "Dis3": [654.56522058958296, 371.30003658106364], "Champ1": [779.69337709439742, 882.45768083208736], "Nme1": [174.11421731565437, 72.431120962961359], "Nme2": [703.49830194360902, 476.7737718901331], "Sec24d": [663.38749459330825, 887.79824821847262], "Tsr1": [807.03965619885321, 917.1155845872388], "Ccdc30": [311.37982987746079, 875.52250176340283], "Rpl35": [375.48363661501952, 9.5640344934498671], "Dak": [175.62306331030683, 216.46366988276978], "Pinx1": [107.07667758466675, 674.37116946450669], "Gucy1a3": [230.982792123493, 692.27663113267442], "Fut4": [362.54311802087659, 252.58702349362656], "Pigt": [829.95893115453691, 980.7761729740962], "Dkc1": [653.71605560360001, 396.49601799647309], "Tceanc": [373.87999921450097, 78.59365529253364], "AI506816": [884.17032195668571, 863.54313020889026], "Noa1": [195.73371299875606, 727.05649956440175], "D19Bwg1357e": [169.74733471915084, 252.36283097088935], "Cd3eap": [338.51416966847967, 799.62925305571741], "Bri3bp": [270.78689454188077, 925.6079259782141], "Nupl2": [176.5542237207963, 673.81167587918526], "Taf6l": [216.80176795747599, 940.37971777609391], "Rcc1": [141.06615906302056, 754.16887835338548], "Metap1d": [248.05416426845386, 660.9941316517104], "Nop2": [519.09737763341752, 571.57263878766094], "Trmt61a": [832.02306463910782, 266.47175186558707], "Cep83os": [294.33920808799019, 816.24324207978282], "BC048403": [384.80273701791486, 273.06680140027703], "Hspd1": [211.88310585424779, 120.12884941312973], "Idh2": [204.49868757995608, 150.67642742619927], "Dctpp1": [146.55886562199305, 208.42391193721554], "Slc16a13": [315.73610921592217, 856.84973876150696], "Ankrd13b": [279.43691025226224, 764.07421118406137], "Vangl2": [97.737122838758751, 830.31052368291364], "Surf2": [886.33648423693398, 334.80803318879697], "Rmi2": [238.38105780904073, 125.78995410033519], "Dnal1": [210.97857848553366, 827.68791520114064], "Gnl3": [375.63596274761636, 59.166783774966973], "Adi1": [424.58120636363623, 229.31888592646098], "Tmem248": [732.1388154328215, 956.61284058850254], "Sdad1": [935.64163128864152, 399.65126103501478], "Polq": [265.75639977892268, 266.28490893854746], "Polr1a": [760.7576473308103, 454.09877845481111], "Mettl1": [342.33677011979626, 157.54403594602485], "Cdc25a": [356.9026734770564, 787.71742372095514], "Ddx51": [155.39375195936367, 170.68246356693527], "Ddx56": [895.43748273558003, 904.05177441188948], "Kat2a": [344.85253976049029, 753.2687372945345], "Gas8": [125.4639496463044, 783.87575242743242], "Pole": [81.990672558195172, 735.42907308531426], "Tmem165": [844.18142049502194, 223.96297689439919], "Utp20": [906.64511598047602, 314.31250208325127], "Gtf2h2": [798.77647323039093, 263.02399775939273], "Plagl2": [856.55559964863983, 956.00688471779495], "Vti1a": [235.6004964762777, 103.44218677062162], "Gart": [769.22570928465029, 265.82295979323607], "Ipo5": [881.68140925932164, 457.47674831691216], "Shmt2": [434.25796068583094, 166.04524528704934], "Poli": [63.342857171929381, 764.59014894837173], "Dhcr24": [689.94764907012654, 347.44121991791189], "Lphn2": [314.50130249596492, 707.48630243171363], "Exosc1": [787.42346926774326, 428.47151470470004], "Mapk1ip1l": [720.66674675985996, 888.97945559919413], "Wdr3": [858.61306152358907, 837.64567647228591], "Zdhhc13": [889.0232582085946, 255.57429561061159], "Fgd4": [335.42172191330917, 276.43565048915633], "Eef1g": [209.81289609339748, 264.97546406511634], "Tbcd": [188.35641036141794, 936.09390054680875], "Noc3l": [679.72316273709907, 478.95393619689565], "Eif4e3": [836.02190876095347, 947.46236372170631], "Rpl14": [227.57839824356725, 37.855606026971145], "Diexf": [681.41888409838054, 372.16627928266166], "Rpl10": [705.1584568853533, 842.10002783949153], "Timm10": [871.95688179795832, 271.64513350667903], "Rpl13": [224.61791178007923, 75.83765020008957], "Pwp1": [205.64522760607773, 237.63704672429927], "Pa2g4": [779.19093261605281, 375.9710684412081], "Ebna1bp2": [681.97385853850528, 424.27115233724669], "Nifk": [716.31036858993116, 499.93345096849794], "Brca2": [266.12665085986384, 886.05258404072356], "Mat2a": [694.80756376227396, 897.59261924104158], "Jpx": [856.04805742519329, 453.82715256437382], "2610301B20Rik": [86.890363860488435, 686.42952363074869], "Prmt3": [310.18026392400185, 160.59368495807206], "Peg13": [682.49878154792168, 450.98942273370079], "A130010J15Rik": [459.89249277085207, 125.88213891805304], "Rwdd4a": [914.05184498555241, 413.88200764376057], "Trib2": [216.14872778580275, 912.32572070932167], "2810004N23Rik": [454.15154541286836, 92.668920350368182], "Slc25a15": [435.86144919721994, 105.8467103042409], "Gpr25": [124.12881356966591, 697.07624022143432], "Wdr75": [280.01426976918913, 122.54945075455049], "Mak16": [807.02503608502184, 542.65922146643788], "Tfpi": [336.82444478169157, 78.874341771106174], "Skp2": [274.00412105340718, 863.25955676446824], "Mettl13": [695.17861920226676, 927.54717451215288], "Rpn1": [681.04614002886251, 838.4358920886948], "2410016O06Rik": [888.65883285946052, 834.48343612929921], "Map3k9": [295.37545142769329, 686.41449492474521], "Art4": [282.90515437003705, 793.91614019360964], "Tfap4": [212.31714518127419, 788.1954712468139], "Caprin1": [711.51929280935417, 249.34167178277139], "Ptcd2": [251.92100257311847, 231.02990391723756], "Lap3": [823.2137882444631, 515.26325476879526], "Camsap1": [293.50104608371828, 924.80185590893689], "Gstz1": [179.90196301404944, 703.45257560896164], "Trim13": [770.70262451383633, 933.66629422936956], "Snora7a": [920.30169560406659, 348.25748806709453], "Srm": [898.98186198204053, 358.15170312407383], "Per2": [199.65110230431023, 200.05879096104982], "Trmt5": [244.66387582208722, 56.505620892435445], "Tsen2": [200.90789326615709, 69.418805954267498], "Kpnb1": [835.75088037737305, 484.17404482747139], "Mtrr": [732.0963323882786, 991.20247098356663], "Slc19a1": [942.5542077852017, 374.70121412241531], "Cdca7l": [275.89085034486868, 309.99961575437044], "Rpap1": [717.14801290564674, 819.83990654449951], "Dph5": [154.92035825027443, 141.86800915266207], "Ints3": [873.05814832841543, 415.50264666034911], "Cirh1a": [690.88097052454236, 268.0116774876816], "Hmgn2": [289.17932274368241, 49.307279500783636], "Ints4": [889.45990948267752, 434.00057869117518], "Ptplad2": [759.90927310486222, 790.57001522161784], "Tada2a": [242.1928008332651, 936.10636737302411], "Rpf2": [908.64117420531954, 477.31129182888697], "Ruvbl2": [936.25648728297858, 423.58258858151601], "Timm9": [192.43996269923937, 908.2726036188742], "Cap2": [313.35988891099021, 906.44751552980631], "Syde1": [290.14310143087778, 898.20338523981604], "Ppan": [814.52901593575825, 869.67914181553397], "Tkt": [870.51925406749115, 239.22041067452486], "1700028E10Rik": [429.17702966281661, 60.276572879562252], "Dixdc1": [874.43167393015767, 930.77455447019338],