{"Bag2": [981.23918934281539, 588.62655658859603], "Atic": [368.17388297312567, 833.26721245374915], "Pus7": [157.29631658029052, 343.13066326738658], "Alg3": [374.27462064715422, 266.63630715778379], "Dctd": [532.82549390692077, 848.90076022200242], "Polq": [212.34488128524561, 410.38057117579001], "Tomm5": [585.16332369143595, 167.25513066904745], "Aatf": [327.39986132626319, 222.82069979243124], "Cdca7": [438.53020369735106, 821.50061573616335], "Mthfd1": [505.48678246242559, 363.61870084705708], "Npm1": [232.45702821524472, 567.79244065322371], "D030028A08Rik": [1000.0, 517.03298080588866], "Nifk": [460.02891015183906, 420.9480133357838], "Champ1": [887.2599230857802, 518.11191201795293], "Atad3a": [417.64138455195473, 194.49913527077882], "Tsr1": [939.43189754255468, 644.04918098452276], "Prmt3": [153.87672350267047, 455.31471283710857], "Mrps2": [610.42561563948755, 367.0085261343894], "Pa2g4": [489.81703343448447, 253.19133243583701], "Umps": [21.019683630063923, 377.09689741958164], "Nupl2": [621.81335729566376, 896.29638415224258], "Ppan": [878.12175942238878, 444.08857241088356], "2810004N23Rik": [0.0, 452.42006331395635], "Wdr75": [66.208576084621541, 433.44818522604902], "2010204K13Rik": [322.53863420949847, 157.18553351780776], "Mdn1": [706.74464970358611, 376.38182595407704], "D19Bwg1357e": [23.808408741313769, 567.76536812371148], "Heatr3": [657.41322715884712, 134.72213080670002], "Tfap4": [499.44471772047825, 811.39000000332453], "Larp1": [938.89515021710372, 397.92686901898003], "Lap3": [680.61806318448771, 277.14473349614195], "Nop2": [499.77591455189116, 530.43304476821754], "Trmt61a": [526.36672853497214, 128.4281658320964], "C1qbp": [414.22193227434337, 85.427433337235129], "Rpap1": [828.02095776364604, 619.55756712646189], "Per2": [237.04780923326948, 498.37505368412252], "Tomm70a": [46.517434961314223, 321.62420234420745], "Ecsit": [474.34528417682282, 48.315294306913529], "Vangl2": [426.72750909988241, 937.95962595198625], "Mars2": [641.11907559421309, 830.2185648551623], "Gart": [608.34930887426913, 85.848327909388615], "Lrpprc": [198.00947797786856, 617.48458112122307], "Gnl3": [143.05336113484259, 633.76958243748152], "Rcc1": [564.77972807692572, 939.24361049236131], "Erap1": [544.93517961251382, 55.580596360918321], "Wdr46": [366.75734069792583, 116.04318358224094], "Sdad1": [601.76524529888729, 238.16619925149411], "Rrp1b": [877.19759912738391, 664.47901070296075], "Ampd2": [372.72536618054033, 898.58191779443609], "Rpf2": [573.15458887991554, 316.66243602851705], "Ddx51": [83.425383909650634, 568.81352173256084], "Kat2a": [591.96119748700028, 787.05493719842877], "Rtcb": [104.56761205346942, 301.39207556348629], "Farsb": [85.369197725475544, 628.60462559172231], "Ikbkap": [989.53344966665679, 443.96302056220981], "Rnmtl1": [832.04132770646265, 538.20725451942315], "Telo2": [494.11988404212047, 951.68470569308624], "BC048403": [1.0058372964788305, 512.53325788652762], "Ipo5": [679.8739526131518, 199.85790630196755], "Utp20": [453.1445917271393, 122.46103686646165], "Polr1e": [540.36521125992795, 419.6052108856934]}