{"Tfap4": [224.06709676609989, 245.89819932628239], "Champ1": [923.5756080495421, 664.82750166079006], "Lrpprc": [673.93079303105969, 832.95910791993276], "Mthfd1": [525.60611102402004, 172.58074893189442], "Prmt3": [571.89879577277952, 1000.0], "Dctd": [54.333644666205259, 336.97088041952935], "Trmt61a": [768.67247008774723, 44.891724849727723], "Tomm70a": [441.81196933764886, 807.92638162848607], "Ppan": [945.66635533379474, 455.32986138733327], "2810004N23Rik": [426.78303649890046, 969.3891174756659], "Gart": [604.75701617922778, 0.0], "Pa2g4": [733.43097846520243, 229.57510391334694]}