{"Rps26": [167.94765771904636, 701.80282577095898], "Rps20": [607.7954286637887, 413.10517818178306], "Tktl1": [147.95803970431078, 0.0], "Rpl14": [718.72657453564409, 768.16783284365579], "Il3": [972.40442004332772, 314.2006165067711], "Mmp25": [635.23241900182757, 934.72680050315262], "Rpl22": [568.69387342354025, 683.69368183070151], "Rpl18": [671.9075785333805, 683.50838157786438], "Nme2": [444.08146157480809, 734.92309593027096], "2510009E07Rik": [27.595579956672452, 84.680025706916979], "Rpl37": [313.61284603362662, 807.41235172662334], "Rplp0": [334.40002099700803, 505.01335408380754], "Rpl32": [407.42428955329666, 878.42519542397486], "Rpl31": [522.75270255667795, 871.76506820162808], "Rexo2": [696.44310824804461, 861.09230633061657], "Rps4x": [718.52697894333733, 503.83854558599546], "Dusp14": [353.79415431863265, 984.89506435494809], "Dach2": [74.986074741874972, 341.67535395667568], "Rpl4": [302.02176783708529, 692.47894087493773], "Rps3a1": [786.89753938047465, 380.83757187864904], "Rps15": [218.184920159656, 507.41669271300469], "Rps14": [680.99282127915774, 208.05847047883333], "Rpl7": [434.66232517124109, 523.43938494945564], "Rps19": [202.19042369942579, 614.74389595957905], "Gnb2l1": [451.7263635694859, 1000.0], "Rps5": [903.79141295543116, 421.94056555412112], "Rps3": [677.95577962955281, 297.00887745067809], "Ldha": [549.71960239212819, 984.53009904046587], "Rpl41": [373.73087318180728, 601.72900977354084], "Rps8": [205.72585181349376, 872.28362186840491], "Rps7": [170.61466034225288, 789.73548196114098], "Rpl29": [593.8188250362507, 789.60130310524357], "Rpl38": [744.43164041185094, 100.93760539566836], "Rpl18a": [941.85606794818295, 199.58118203606409], "Zfp1": [115.94341644907594, 95.128998147263871], "Rpl23": [855.76813513122602, 117.52965031155719], "Eef1b2": [73.628732684083786, 207.03473321510432], "Mxi1": [793.11981273447338, 282.32098689811687], "Hlf": [195.27657151782682, 98.805317870441797], "Stc2": [270.41546534454199, 938.62453471746221]}