{"Acer2": [232.0429103474963, 917.34954310560806], "Cd101": [909.50366528091456, 454.33779349364596], "Ipmk": [762.77903152286012, 233.35426541012322], "Tppp": [958.55436661367276, 353.99655664998943], "Tktl1": [902.63089924514941, 245.4636351141022], "Tet2": [805.61135064762232, 163.43212853209167], "Nrip1": [663.93737993547916, 156.67493432544853], "Txn2": [101.62655966212458, 739.31128228164869], "Rpl18a": [225.25691169293458, 108.95008742268953], "Polr1d": [160.57170797422032, 576.02539330648256], "Hspe1": [134.59555456988795, 775.21319654597289], "Ccr4": [843.75544780950145, 364.80614102490983], "Samsn1": [849.66405358787722, 472.7291396856811], "Matk": [680.40730287733675, 928.97527655246938], "Itgb3": [742.66305139548126, 276.99348213724181], "Arid5b": [883.30284306684098, 128.17840646058278], "Nme2": [214.05647061390212, 748.69487523031921], "Mif4gd": [174.85910726951312, 4.5867149645600875], "Rpl37": [343.01421132690439, 823.93661205230183], "Dhrs13": [741.11248143774583, 442.17489765325513], "Rpl32": [344.30169839147527, 885.78094705790431], "Rhno1": [937.32187167673544, 464.55639774394047], "Rpl31": [317.0345137996045, 902.43563678342252], "Pinx1": [212.03728870353348, 595.11566512239278], "Ctsz": [299.87838864135824, 834.61147613616629], "Rexo2": [85.688148677384902, 615.06415324204011], "Myeov2": [53.258332516562405, 670.6158096232698], "4930404I05Rik": [837.97349352014839, 949.83529913190296], "Gcnt1": [805.76935124777629, 103.99026151895328], "Grin2d": [706.45170995027559, 122.02909553382449], "Atg16l2": [100.26396752202476, 23.343746664018454], "Nr4a1": [656.21766536321786, 254.21433010315354], "Prrt2": [874.0839533093465, 294.62688230440062], "Gnb2l1": [214.40785957630979, 674.43987543509456], "Sfmbt1": [769.82008671106507, 404.22029716383577], "Plcb3": [819.95829820084134, 240.22332498023917], "Med7": [669.43895697316464, 890.86809241974356], "Adam19": [949.49879066837912, 284.25757781841043], "Pbx2": [692.86261236721919, 152.49241374146249], "A430090L17Rik": [983.62387115277545, 305.42514993016493], "Gnl3": [176.59006444519622, 697.28133790962454], "Zdhhc2": [998.58534942606741, 337.88922979172366], "Ddit4": [339.43569357686022, 798.09557042883171], "Mettl1": [46.255141658585103, 785.92147955494136], "Tmigd1": [152.88713050151733, 661.58761201314462], "Aarsd1": [963.37554909713685, 323.35983826304209], "Zfp1": [807.16282787684895, 304.81569485634213], "Rps15a": [145.85481492675348, 287.21251755642584], "Tnip2": [928.11834378315586, 305.48863273888765], "Npc2": [202.16142961037016, 60.117599507219438], "Cd3g": [848.71519022356506, 447.29329364914895], "Rab27b": [954.26452484693755, 406.23578890704653], "1500012F01Rik": [133.61137959349753, 902.5721958984534], "Mllt4": [700.40228877665072, 908.04154133276347], "9230102O04Rik": [825.12813534848328, 920.021714503863], "Mns1": [623.00853896018225, 241.93141076637755], "Rpl14": [76.618828570223684, 752.37083124753281], "1700061F12Rik": [962.47715498142884, 194.54972163148324], "Lgals9": [140.72618412572189, 5.5958956274541833], "Ccdc11": [856.35741330085852, 399.83004976212931], "Rpl12": [67.631614921130506, 645.89629451024086], "Rpl13": [74.885563521624022, 703.53082832318933], "Slc18a2": [774.54071735300795, 989.33222506791481], "Rpl18": [160.29007887269876, 812.91608952734964], "Pa2g4": [147.35892381176495, 605.30816727029844], "Cpm": [726.30863874941883, 469.01990354684744], "Fam213a": [821.96601713071391, 286.70347836669094], "Rps6ka1": [905.34624628117808, 485.76581948852959], "Hsd17b10": [155.24667774753749, 74.488122675753516], "Rps6ka3": [874.17791812202267, 495.04313079697306], "Ly6a": [662.67840358048238, 386.24623226251003], "Krt80": [691.23913332976326, 396.12839789253053], "Pon3": [240.52611587265847, 55.441123489893812], "Nrd1": [681.92629300598924, 205.02755931470705], "Mapk11": [645.81670658335941, 294.71202378232067], "Slc25a19": [782.36646519194687, 956.68188502157773], "Prr15": [679.93543988826343, 976.51303367396133], "Ybx1": [102.2822502611503, 861.62816026833502], "B430212C06Rik": [844.38825342171538, 882.77464010593849], "Nedd9": [638.9589959857974, 373.61802119292122], "Rps18": [387.86511956897414, 829.00823134991697], "Faah": [806.08731125855616, 389.65596983527666], "Mrrf": [38.811038789981865, 695.55249561765243], "H2-Oa": [784.20127198808177, 874.67930714219926], "Slc25a5": [274.7342587379261, 710.12432886660451], "Bambi": [97.812844957164657, 62.377632491388681], "Pole3": [201.19475691327165, 571.44428217259428], "Eif3e": [42.455403447744573, 151.9569833799336], "Elf1": [795.96716775286973, 490.9451497217126], "Snora65": [307.13942605780562, 658.24228691921746], "Bmyc": [857.46656386496386, 854.89807865204921], "Ldha": [57.264324293787297, 819.1907207365357], "Nme1": [106.86795172140756, 646.86640436018376], "Fbxo34": [48.09752459072206, 187.47028138651967], "Rpl38": [183.04688874713145, 213.58813370531925], "Fuom": [844.19873007958017, 137.92395554354454], "Gm2a": [767.01126505706816, 102.83237952170214], "Nt5e": [638.65663925133481, 180.4852536124103], "Adrb2": [935.83607658437654, 246.49884776118222], "Vim": [82.886359686176036, 796.93992596107182], "Wdsub1": [48.246287044617588, 56.381198906241593], "Cdk2": [832.36661980410713, 490.7744774803117], "Tlr1": [812.88396546006118, 970.32024836296705], "St13": [313.61082760788207, 625.30032534235136], "Calca": [887.14395354709063, 325.64245214385062], "Stc2": [286.68657534809427, 607.54026951993637], "Cfdp1": [828.03045605568536, 834.45912750399759], "Ndufa6": [182.88437787802093, 34.385643410289958], "Egln3": [58.427269624903147, 117.87752988797502], "Nmur1": [674.56200069670615, 303.99601431494585], "Kcng3": [722.06130093334627, 333.39022972938415], "Eln": [277.34898754285064, 666.04377750602873], "Tprgl": [9.8460557449341195, 110.00608453832831], "Taf1d": [259.41675229883515, 591.53260249116863], "Cd274": [880.90160521071334, 451.31843708512542], "Sntb1": [714.65030373587604, 243.7719507782524], "Hn1l": [148.4408786977404, 732.72006759618159], "Hist1h2bc": [174.73892765755267, 112.03312543485072], "Mmp25": [39.884556212665132, 754.85128316449072], "Dgka": [713.92896493536023, 424.04497359022764], "Cox7a2l": [95.301814820034963, 103.34607082492369], "Bbs9": [871.60929073835769, 157.99546876062743], "Rpl35": [359.79510335649979, 854.54026541526457], "Tex9": [857.17243894762828, 194.14174237756595], "Rps20": [154.63620276806984, 414.44100369966247], "Aff4": [915.54622655147386, 204.22750372794059], "C430002N11Rik": [882.183750292372, 206.60505040721722], "Pagr1a": [633.99852307578624, 207.4710216189992], "Eef1g": [346.19499324339677, 736.10846210452121], "Pink1": [220.44970966014534, 29.721096174054765], "Dusp14": [360.3957482912835, 771.56160919866829], "St6galnac5": [722.88603904371757, 199.18199791846553], "Dnmbp": [787.91737079678182, 516.45658985229466], "Rpl23": [222.70144940143962, 160.26224313865686], "Nlrc3": [675.23321467931328, 348.4589500068364], "Rpl22l1": [244.65016875799316, 135.70353754593566], "Slain1os": [0.0, 143.41114255149398], "Rps3a1": [75.690224191271682, 249.6997025793878], "Fam162a": [247.17647634940198, 650.76867881430508], "Rpl8": [372.48599905390927, 697.86789452693699], "Rpl6": [340.54678858181609, 703.27905024854431], "Rpl7": [349.91268135721225, 666.71433242321302], "Rpl4": [308.77453417941047, 789.38500173786417], "Rpl3": [710.08380917052307, 995.41328503543991], "C1qbp": [278.73284237506937, 892.19619050314259], "Ikbkb": [831.46816091436972, 109.64367165711326], "Rps4x": [39.340949087551735, 234.55686627732064], "Acbd7": [202.82487785805813, 923.97108186472133], "Rev1": [958.64327947878496, 439.10606051463594], "Ccr9": [920.14250184882735, 425.76747500217203], "Bola2": [255.96411608860126, 923.90387725432288], "Paxbp1": [709.07532779921064, 954.17770792479155], "Serpine1": [0.48456544548332658, 178.55914529453639], "Rpl41": [315.04086853313652, 748.43939329154398], "3110062M04Rik": [936.41937008676769, 184.18620655072397], "Tlcd2": [235.87048950375356, 615.29977200195083],