{"Rpl29": [763.94284941394744, 1000.0], "Nme2": [794.03312934686846, 792.24069184475911], "Rps15": [769.42665558726981, 550.52490748519119], "Mxi1": [249.46774834920825, 766.29311816140921], "Rpl4": [980.75689045097306, 785.85944952502712], "Zfp1": [564.98366763822912, 36.373094181735496], "Eef1b2": [757.62395591284599, 0.0], "Gnb2l1": [521.19407323190558, 794.85449792764211], "Rps3": [19.24310954902694, 608.21859844403423], "Dach2": [714.39331744200558, 203.37561166657673]}