{"Sorl1": [137.05954964586368, 786.67230116326039], "Slc39a11": [240.87937481513262, 411.98243355757648], "Fsd1l": [385.99489550695921, 800.4051414631349], "Hectd3": [2.1857073622106782, 285.41668685714387], "Ptpn13": [169.19374900513424, 14.882503696952313], "Acsl3": [715.06824040400375, 720.74905748706954], "Dctd": [425.59005529877675, 844.64061065369276], "Nefh": [650.2478670540263, 458.11531661137428], "Apbb2": [847.94527680096621, 728.36734456365627], "Tesc": [69.221976450676436, 387.29228168081374], "Magi1": [799.74367636873546, 338.20595848302071], "Tfdp1": [803.14298447830549, 409.67055464772943], "Pdlim1": [94.758934114756244, 65.313129550332064], "Tob2": [139.30597445196011, 273.91778992611381], "Inpp4b": [80.173430485489234, 133.53513741180944], "Ppargc1b": [928.16803674960852, 685.16143747148783], "Kcnn4": [188.28788989876509, 960.59475640787059], "Klf5": [203.18170772360375, 219.87882890320475], "Gramd1c": [890.83952772801126, 314.87586734073375], "Gm5779": [41.739309298656792, 346.89217174930945], "Homer2": [54.235070110273455, 248.65702073583219], "Eef2": [488.83349055367182, 355.33651529823157], "Mtss1": [716.35625151847808, 384.98631289900436], "Gzma": [8.6620054205623092, 326.74125213160283], "Pidd1": [834.85859316301651, 687.92035080794108], "Rpl13a": [282.20074946437404, 154.83550268037442], "Ttyh1": [158.97967151368445, 118.63241142318697], "Myadm": [675.02405476194508, 410.43302144707388], "Zdhhc23": [174.03254365624298, 71.155474817570166], "Pbx2": [712.66675702838393, 650.22049910598389], "Zdhhc2": [696.68854753526898, 678.69622911379565], "Ddit4": [980.25631710870289, 533.33376129521514], "Fzd6": [988.90670373238663, 452.6182900771372], "Plxna1": [889.96205895535877, 709.65387767127697], "Mettl23": [790.13694318906482, 295.94153525552565], "Pard3b": [650.78913508264304, 635.82936647914846], "Eva1b": [264.49980033699171, 360.91675098900248], "E2f1": [800.55857057872186, 522.4609645069828], "Socs2": [189.77721145542691, 437.21115275690346], "Dgat2": [378.00153016274226, 221.42028800109892], "Thra": [759.91592203359221, 433.74116601192145], "1700061F12Rik": [224.63559162865857, 789.01764476745097], "Dleu2": [395.46527884666926, 272.48694708424375], "Irf2bp2": [39.165449205601362, 175.54980381532522], "Rab11fip4": [216.17673953117526, 6.8436625429321793], "Gna15": [955.85080001583879, 370.49147532835116], "Cacna2d2": [302.49624016274572, 968.0891605307761], "Art4": [874.24359907696794, 660.05269948060163], "Adcy3": [758.68447690228959, 735.20980572764631], "Adcy9": [802.44532307251484, 741.16081037195477], "Phf19": [808.16952535434098, 648.13295106733983], "Samd1": [922.30814589238526, 420.04696612154049], "Gkap1": [354.03968757966942, 869.20188564805744], "Med12l": [151.04996598650285, 934.77719563777941], "Pde4d": [764.55619897807651, 674.60683218153861], "Slc7a5": [230.14986731781619, 533.03188407750463], "Ralgps2": [978.3336373378761, 617.44156102418117], "Utp14b": [706.24519100323448, 597.50024189679698], "Gm14005": [274.70245071861689, 992.66550795672674], "Gnat1": [925.0142775186805, 339.25024651480732], "Ncmap": [20.54585727633372, 130.77172191602278], "Nucb2": [625.72882918524101, 580.34589759230471], "Adora2a": [258.97321953656797, 105.80564148212625], "Ccnd2": [391.55370495254897, 963.84873784799697], "Ifi30": [89.819246408892212, 179.28740830911676], "Pik3c2a": [115.36818184189215, 868.79686448038717], "Hist1h2bc": [5.2643567421848729, 244.45584058479727], "P2rx4": [155.31643172560379, 891.51629191920824], "Efnb2": [367.65041807324832, 319.82894741965572], "Morc3": [752.19546044634603, 320.52893860846632], "Rps20": [922.65865363469197, 466.06122504962423], "Pard6g": [54.704730049307443, 89.032956665002075], "Rcan3": [982.2397179915788, 574.16895505960758], "Ltb4r1": [841.18356562942267, 346.13045737822785], "Chsy3": [409.57447714489496, 914.51149120117884], "E2f6": [284.59081727582628, 842.64508180939765], "Rcn1": [274.4116041129397, 67.030402619959204], "Aim1": [315.74348132352537, 86.531899288305681], "Zfp12": [219.2268259831776, 70.180703360871121], "Celsr1": [396.86505406779759, 154.52810257186485], "Hdx": [850.56951012375271, 300.68877278827841], "Ankrd13b": [312.02436959625709, 28.613262732696512], "Hs3st1": [114.00198580427002, 227.00581502286661], "Sytl2": [105.0165494438348, 410.00191429928771], "Tubb4a": [695.2220537825516, 516.51024572438428], "Agap1": [216.28871464894206, 854.46094401885489], "Dctn6": [336.61131493933419, 206.50759681962609], "Cuedc1": [350.09371407863745, 158.89547811733371], "Ttc3": [720.88824494005519, 471.40654931376292], "Slc16a1": [256.62771527978919, 314.00956491323393], "Plaur": [127.15400103182219, 36.643551212443413], "Tle1": [107.17699376426191, 345.45420891794288], "Cacna1d": [384.09770400732168, 114.03256799532261], "Ttll10": [156.48929431111733, 181.99699524038425], "Chaf1b": [879.76369403658919, 607.31654822843382], "Ppif": [947.40225530806083, 647.38960385164], "Galnt6": [979.10822402448298, 409.80180635199775], "Galnt3": [80.61874217126396, 313.95318568968275], "St3gal5": [150.60819806745911, 406.1893132036696], "Galnt10": [152.66006690172929, 338.31801714645042], "Fkbp5": [1000.0, 494.17180071603872], "Nipa1": [630.36276791584282, 514.96943049813376], "Rplp0": [933.08979985473366, 532.89857647676502], "Glb1": [324.30316003638762, 929.35317529620784], "Grb2": [226.35114079984015, 988.26353721529858], "Emp3": [311.44696148530818, 329.01350770776008], "Fads1": [488.70901026544914, 737.34884810976564], "Chdh": [925.60203504625656, 581.52771837218882], "Zc3h12c": [756.84708849212734, 600.29650267191414], "Rab8b": [260.62973255478477, 13.492835625195426], "Rps11": [889.81539773925033, 504.49774905397157], "Slc22a23": [135.0112074917524, 829.95697895001842], "Ubtf": [673.75330171777057, 563.54115938338714], "Sbf2": [889.29191047062864, 386.89594274270075], "Aldoa": [247.03251240905661, 917.97202181436762], "Rps9": [280.83950012127201, 238.87372883922461], "Nck2": [0.0, 185.66722515005762], "Tph1": [182.42625367866083, 764.97253731961337], "Mpped2": [717.02823728402836, 343.38174556651836], "Aprt": [350.48893840999654, 41.803941025516338], "Ar": [376.60156404155833, 75.398706341411412], "Spock2": [851.7175498153947, 418.00295719195663], "Casc4": [350.52830261978005, 993.15633745706782], "Foxn3": [205.48813839972277, 354.64214794469217]}