{"Sorl1": [66.970588036573872, 199.68692574039426], "Slc39a11": [584.97982431017533, 255.20964665040481], "Fsd1l": [217.56993671147575, 367.6969190385978], "Hectd3": [908.34335613973769, 68.652632113753214], "Ptpn13": [964.84355712154729, 350.52525339211957], "Acsl3": [401.86574329083038, 703.01288993872572], "Dctd": [164.9200900423001, 410.09968730067465], "Nefh": [577.65437877375678, 839.37322197956235], "Apbb2": [252.79829545011381, 774.8492052565166], "Tesc": [642.09214666561445, 43.772422231658481], "Magi1": [332.77635603441632, 938.29452306656822], "Tfdp1": [610.00754020920374, 705.58372985254653], "Pdlim1": [988.60217501221939, 275.04695557217815], "Tob2": [764.466981085307, 43.682677976356274], "Inpp4b": [886.77319736086315, 110.48486534810507], "Ppargc1b": [600.45256395703541, 946.50282295447619], "Kcnn4": [163.43804378562049, 110.37930951352598], "Klf5": [783.45845308516186, 211.69086849122823], "Gramd1c": [300.39042973659173, 871.44439310495898], "Gm5779": [925.1626100729768, 195.21829595293093], "Homer2": [825.68329409163914, 84.568509488222901], "Eef2": [647.88089896216604, 496.37819964866969], "Mtss1": [528.74382682113992, 927.83155736234198], "Gzma": [921.76428683041399, 142.10609050809256], "Pidd1": [535.5331709324895, 988.59832375815017], "Rpl13a": [821.62052222348495, 387.38320634502617], "Ttyh1": [785.43498038565303, -1.1368683772161603e-13], "Myadm": [572.10598059324695, 893.61423136454323], "Zdhhc23": [734.69949304160684, 3.2920271038312308], "Pbx2": [414.59119959109933, 931.87895587530556], "Zdhhc2": [430.65082409961735, 656.77300283620991], "Ddit4": [331.90896949660095, 650.14785515962058], "Fzd6": [289.17119316378017, 753.72720791591451], "Plxna1": [576.48116242347373, 978.52206658345483], "Mettl23": [363.38935536832003, 967.86151655560775], "Pard3b": [411.51059721385849, 881.08688908484839], "Eva1b": [864.07753647832112, 327.65269252057368], "E2f1": [467.05671584607632, 799.02471050760994], "Socs2": [566.08692894020203, 183.26787988653456], "Dgat2": [777.85958793005489, 371.65160800401316], "Thra": [577.97277793515764, 750.35723244157225], "1700061F12Rik": [15.191285384898947, 215.96918580322239], "Dleu2": [741.05688867032563, 415.16730221656906], "Irf2bp2": [946.00151256780998, 102.32339783861562], "Rab11fip4": [925.02713224936406, 355.78026686480911], "Gna15": [327.93145113022609, 829.35444020959926], "Cacna2d2": [51.295792914450658, 326.48609182931227], "Art4": [266.36522775994337, 722.15786390338531], "Adcy3": [377.85861580874672, 756.21705099035159], "Adcy9": [326.34035203529794, 776.54864314753308], "Phf19": [493.05910841196248, 999.99999999999989], "Samd1": [673.56548035497099, 764.49192704731172], "Gkap1": [226.44480811827106, 288.05678776585961], "Med12l": [112.85238643888113, 118.65528503303977], "Pde4d": [448.25318574087885, 987.39846964082108], "Slc7a5": [470.25705800995189, 231.20998410763974], "Ralgps2": [640.07366900020406, 900.86305410786986], "Utp14b": [477.95590153972466, 657.25254281938658], "Gm14005": [229.69425047003955, 169.39466075367307], "Gnat1": [348.13316444271538, 873.08321483754048], "Ncmap": [986.72486793687472, 190.39210894241154], "Nucb2": [468.15475665957877, 874.097065425388], "Adora2a": [732.02051100422864, 99.500108217691377], "Ccnd2": [62.103607491229241, 395.15469172100688], "Ifi30": [856.27834628425558, 155.13217107137581], "Pik3c2a": [125.91289197453784, 206.38999599776639], "Hist1h2bc": [866.81045314297376, 44.738799244864197], "P2rx4": [134.27612448846469, 158.17787171207607], "Efnb2": [709.89972623048425, 383.78945464400192], "Morc3": [408.80331802247542, 977.8714591547091], "Rps20": [690.12742224205806, 799.91835273505694], "Pard6g": [993.29852852889098, 233.63443579606871], "Rcan3": [636.57029138839175, 855.44945285847257], "Ltb4r1": [292.39345406474661, 916.65893994189162], "Chsy3": [109.11262310806262, 381.22920155479744], "E2f6": [160.27951458592509, 278.59321003683203], "Rcn1": [871.22713473674685, 400.5942115269437], "Aim1": [678.79385576780066, 94.079385856233444], "Zfp12": [719.53616423672213, 52.337562963359915], "Celsr1": [686.71957870691847, 229.91565601002048], "Hdx": [259.702156648965, 870.98596132407465], "Ankrd13b": [687.32065240671204, 142.85195850239347], "Hs3st1": [804.27613369436972, 143.65845457844119], "Sytl2": [612.3131836848105, 79.764054572552936], "Tubb4a": [559.9803167762235, 666.0526623706993], "Agap1": [8.6416948714155524, 265.09095521280324], "Dctn6": [775.45515813093721, 298.30643937818792], "Cuedc1": [720.93225507165289, 269.53577319044524], "Ttc3": [546.19345756655105, 714.27424582434219], "Slc16a1": [652.32342530637857, 301.55057605083158], "Plaur": [974.3882068884991, 311.34974857163832], "Tle1": [687.06739930117794, 23.982463143582379], "Cacna1d": [638.69288256524715, 233.65328379049237], "Ttll10": [817.4227650004625, 26.379020179548831], "Chaf1b": [336.37626901652851, 698.57554482728153], "Ppif": [641.35881317419307, 941.45454311799733], "Galnt6": [274.18099117987072, 813.46580398183085], "Galnt3": [933.68881254485518, 242.77180377045858], "St3gal5": [589.94962150229514, 125.54538465864681], "Galnt10": [887.67553252963876, 255.62340751520924], "Fkbp5": [294.22346416136907, 688.98323331492281], "Nipa1": [525.38302664906973, 850.25127736831041], "Rplp0": [680.08390381331719, 877.8695334606864], "Glb1": [231.48077355625912, 221.36879108384068], "Grb2": [206.71423154863953, 129.01397075004149], "Emp3": [806.05980864623882, 341.94441405544751], "Fads1": [263.77082538236004, 481.74422304452457], "Chdh": [374.5910805822167, 645.0563023522227], "Zc3h12c": [465.45901900537467, 716.58208163640666], "Rab8b": [914.21104899698616, 394.54248564768767], "Rps11": [686.40443494772308, 838.14909943848056], "Slc22a23": [83.828098665242578, 247.86316419301949], "Ubtf": [517.82842352634816, 640.07129481684592], "Sbf2": [630.63999728796307, 780.37686297301821], "Aldoa": [6.7014714711091301, 310.61320521520292], "Rps9": [729.52006590238761, 335.30483802957633], "Nck2": [974.93843839226849, 145.18781473780984], "Tph1": [43.36850588743016, 164.97439076463735], "Mpped2": [474.37167642367268, 946.39368943257682], "Aprt": [639.24486305319795, 140.56433523684206], "Ar": [627.40693975245313, 186.36709719336744], "Spock2": [645.26873050664767, 728.15989408517146], "Casc4": [25.510776833489444, 367.87065133008554], "Foxn3": [905.2174441353983, 301.14199397146194]}