{"Ccnb2": [228.79235415371835, 982.72695899899111], "Tnfaip8l1": [963.0238697312351, 849.62926525413923], "Rad51": [379.15785467028525, 265.56474925713746], "Racgap1": [740.47810112695777, 432.31954373730434], "Aff3": [1000.0, 683.3932865405244], "Polq": [109.42151028985131, 224.77027858376113], "Serpinf1": [132.53627956080447, 953.28762518579742], "Cdca7": [840.08626247345342, 630.80748529427456], "Fry": [662.23652493501822, 748.70849809255458], "Ndc80": [771.76439484144828, 945.91731328462129], "Lgals1": [653.1530264390442, 839.73134453941771], "Fam122b": [763.24671523338566, 76.283345975580346], "Gpr137b-ps": [610.2129394889389, 26.191777293344558], "1700037H04Rik": [218.92542322165787, 517.93690146052313], "Rab3d": [644.13114951905607, 344.96570703426016], "Foxm1": [183.07049436835143, 829.73006806994908], "Cd2": [938.73173602195266, 625.22088242226425], "Fgf13": [814.67280585861249, 45.476717300653149], "Slc43a3": [118.2070481288996, 863.35295154724577], "Klf8": [820.6538802250343, 752.78022659934868], "E2f2": [686.84960170315253, 208.68584922627031], "Dtl": [730.92280357281288, 671.62619944322682], "Kntc1": [570.15671502722125, 256.36350409837439], "Cenpe": [894.4465999237982, 201.58777772903369], "Timeless": [271.92206820662022, 437.80932849430758], "Mmp19": [692.34471234760269, 916.76665167103693], "Dnajc9": [836.97175558791491, 143.09059491228106], "Kif15": [23.036297507065342, 500.41754723254701], "H2-DMb1": [538.9676103785157, 68.752859047230913], "Zfp367": [157.47550420558906, 389.05462159067417], "Sept10": [277.91395400586481, 330.24583068960504], "Axl": [308.30042416288376, 934.28747272818964], "Tmem51": [793.03209131832659, 332.62639064267353], "Mrvi1": [0.0, 388.39440237091037], "2810417H13Rik": [125.64477818117177, 503.34372198238685], "Zfp329": [258.95500447441106, 858.97844351468302], "Slc14a1": [899.27874321456716, 912.40553900993177], "Pqlc3": [821.66720197065399, 869.31390047673574], "Pydc3": [219.65381532390722, 223.79472007421651], "Gmnn": [114.26163717461884, 612.99117865708877], "Impa2": [538.41009036883065, 156.09278623045401], "Gata2": [698.73743241787736, 17.273041001009119], "Wdr62": [865.16162461833596, 278.00917659239536], "Nlrc3": [32.222405307718873, 288.72621893125029], "Uhrf1": [997.0873766014397, 768.83096635290826]}