{"2810417H13Rik": [5.6843418860808015e-14, 646.13159688866358], "E2f2": [686.40633741034412, 719.05138706798311], "Dtl": [210.79062895015704, 29.125242039549789], "Cenpe": [1000.0, 610.91116976509284], "Kntc1": [813.59724097181333, 575.61020233675868], "Sept10": [164.93700203845754, 970.87475796045021], "Zfp367": [149.74660837518616, 763.45653710255226], "Rad51": [393.43640209580167, 860.91597356969851], "Wdr62": [847.67298898624097, 396.06073834215863], "Foxm1": [20.083899665633481, 906.62358078025659], "Klf8": [33.256120222739725, 269.08125093146742], "Uhrf1": [34.270796164032674, 60.537809524489546], "Dnajc9": [919.17671557039239, 827.38490645879187]}