{"Tmcc2": [682.99071670460239, 932.03634345433693], "Serpinf1": [206.76002926672658, 230.80206972397633], "Tspan7": [847.0541180560889, 883.69076359846486], "Sept1": [252.24182214138551, 878.51138326472551], "Klf8": [815.14130154693055, 199.45226476900581], "Cx3cr1": [709.55315938386002, 741.88591500753228], "Tacc2": [175.64896350359112, 823.81192743821293], "Fam78b": [823.28559554719027, 72.152185553575862], "0610009L18Rik": [894.16182390504503, 781.6724138555162], "Rrm1": [123.73365552217626, 152.01851504995784], "Ankrd13b": [956.34235087348736, 92.068137566303378], "Dhx32": [713.26044750250162, 72.195216898712516], "Zfp329": [64.683620636021431, 166.51476014143353], "Zfp7": [863.06547114674981, 784.98559253515123], "Gse1": [630.0735550540021, 155.41649412268882], "Alox5ap": [897.70224888886855, 871.45262062167626], "Ptpro": [875.64036335964488, 735.85892072352976], "Fam120aos": [235.150958304639, 673.99882847115373], "Rasa3": [355.38156700993432, 795.06009313184472], "Ccnb2": [106.14411450453758, 302.3445317437413], "Dab2ip": [673.53193152398273, 191.99519854997487], "Zfp654": [264.80767951331933, 848.54226998090439], "Ifnar1": [780.23064317939293, 157.94142119661325], "Reln": [96.967958654054087, 91.885519406831477], "Cnnm4": [717.59561692905663, 157.43850192158442], "Lrig1": [209.56759674285161, 158.65958190933483], "Ndrg1": [643.64131818944725, 256.6678188918097], "Ndrg2": [92.910411675525665, 631.78014785741561], "Ubash3a": [863.70009895207295, 845.10936162094299], "Prrc2b": [779.42128499915111, 344.32814751304954], "H2-DMb1": [873.00955136034872, 945.84111480803904], "Abca2": [116.428880216876, 235.93401758180823], "C530008M17Rik": [898.76782640049373, 64.00871176923286], "Sept10": [216.15497938126117, 885.19496774294657], "Slc27a6": [112.30569611909129, 807.98965045359637], "Kctd12b": [227.48290905915536, 129.32410288416651], "Frmd7": [150.28520311210917, 574.09176460009667], "Agtpbp1": [58.461145119662206, 762.0801216915213], "Dgkz": [33.762111644998981, 137.70334834011564], "Slc17a9": [132.5676473843161, 829.15067815577822], "Prr5l": [789.53117444032739, 318.64142856510387], "Tmtc1": [4.3460263656825759, 230.95775460230124], "Klf13": [909.53920574545577, 243.38193073425037], "Klf10": [312.97518378753159, 653.51801469199916], "Nlrc3": [52.82842156250382, 711.8960423751123], "Nsl1": [85.856102101170904, 724.19939641571636], "Gins3": [772.03023011558059, 951.49140347056959], "Lrrc8a": [949.57664674965667, 205.58815084590631], "E2f2": [775.6355759227331, 842.29430941075361], "E2f1": [57.052860079900199, 76.893591962190669], "Dtl": [758.01389470564368, 20.063069750796757], "Arhgap27": [163.8614055608212, 288.31281082617227], "Efcab4b": [782.29900836772151, 757.19313433254956], "2810417H13Rik": [125.79667735404587, 856.0864007206028], "Car5b": [915.39908952775977, 48.867024805162572], "Guf1": [173.44201309260541, 568.12899320792542], "Impa2": [801.19684408476382, 988.20282995818434], "L1cam": [233.0261747004659, 165.16465509278061], "Noa1": [232.43461478709861, 81.231886301648572], "B4galt5": [907.18421321926871, 132.28334938252829], "Lrrk1": [967.9427950772515, 239.50601084096959], "Rab3ip": [844.77382192936557, 363.09251922906475], "Uck2": [894.53784278284786, 833.11728529422089], "Dclk2": [681.84271804636955, 109.90249175480605], "Slfn5": [96.045121323725141, 784.49981778755978], "Amz1": [869.39760620001107, 869.14573446752524], "Clec4e": [675.82028066910243, 755.62395496723252], "Rab3d": [808.98876166665161, 692.66513258354007], "Serac1": [975.9233739504009, 272.77116304744828], "Pqlc3": [755.72812460875321, 330.55100428742719], "Tmem37": [736.3789395529177, 354.86201705609494], "Mmp19": [861.94388834795018, 169.51532746069816], "Adap1": [914.96146937760716, 105.12510045392548], "Gmnn": [157.56521846991166, 469.05887440992586], "Slc12a7": [937.57249769284533, 297.23319039444414], "Elmod2": [96.685165483530682, 58.661241701091029], "Slc12a3": [157.09803111357917, 849.01524466713681], "Susd1": [725.85275250200425, 252.07383928852076], "Fryl": [720.62006359767679, 29.867101657828186], "Rab31": [834.60959211034685, 726.30686284198828], "Mpp2": [711.21997763704405, 886.45736361796457], "Birc5": [65.774861988173541, 739.75925878868156], "D430020J02Rik": [31.646018601232242, 203.24582301613839], "Ngly1": [77.086351569081103, 673.26929172618384], "Rif1": [102.94348820111611, 120.29966043440369], "Top2a": [0.22149281035734703, 204.80070862653128], "Anxa1": [742.9020539532396, 889.43878345072494], "Anxa2": [956.27964468899745, 129.02482228577603], "Irf8": [823.76175468141571, 158.21431884837494], "Srp19": [662.2047931504577, 874.66743928239475], "Ifitm10": [784.11153404297011, 112.85551352307282], "Akip1": [919.59838610520706, 886.68367178692301], "Abtb2": [991.29159505287521, 192.2754584421302], "Gzma": [642.61034690518488, 116.84305501769092], "Fbxl2": [796.33817325548603, 76.82285569003659], "Zadh2": [291.23180060675429, 806.21352197299689], "Zfp367": [199.77048553022308, 731.56123377516747], "Spata2l": [137.12232872590459, 784.33572257875494], "Exosc5": [835.93574169007104, 22.503132700393877], "Ifih1": [231.21433500018446, 599.90723464288772], "Polq": [275.19720305767555, 737.63543571066134], "Pole": [242.82482669491071, 718.56050212005357], "C030034L19Rik": [55.919789824328177, 675.90158181288234], "D10Wsu102e": [705.71888363928372, 197.05037172416525], "Flna": [685.33340204136948, 967.71716633273513], "Flnc": [111.36290154800247, 39.882924200023524], "Zbtbd6": [67.592617943151254, 135.21937043638337], "Fgr": [737.70363740193352, 136.40623150241294], "Ubac1": [4.9794485717450812, 148.63677804910589], "Tcf19": [681.30744406304984, 300.93110451055293], "Tbxas1": [54.001084516860033, 254.37051259419172], "Loh12cr1": [323.64910116397323, 683.19003825273535], "Clec9a": [736.18223335943139, 112.7248297696168], "Kcnab2": [958.53497179389183, 180.27584550255469], "Cdkn2aipnl": [161.00978870372785, 750.19314121430443], "Samd9l": [287.13995651070286, 858.54462230553531], "Vim": [912.91382118992442, 793.34451628024362], "Gpr126": [892.79778218177091, 901.99515224195079], "Wdr62": [879.46455678492384, 808.31755675095383], "Rfng": [864.38324363521758, 301.89026719746909], "Uhrf1": [981.99558346771346, 297.65550464684651], "Ifitm3": [162.32775213830331, 64.218016638339066], "Mki67": [298.99924253285013, 671.27887506789398], "Stil": [142.85649892515374, 274.23746567637505], "Acvr1b": [82.459359188448445, 812.70656053122116], "Acox3": [149.67379133867593, 250.20952565193107], "Selplg": [954.1654832058648, 259.35810299479908], "Fignl1": [664.03908546795265, 946.14266769019946], "Oxct1": [108.58558415321772, 657.85029145212468], "Cd2": [877.23895745607103, 28.342615217095982], "Fry": [703.39067288941715, 41.575334639305566], "Fam122b": [721.81040766336434, 815.12508459574337], "Nrm": [255.0026952858756, 139.63441047289851], "Gltp": [130.11124077392043, 55.503176070041093], "2610318N02Rik": [911.13838775552517, 812.5967099907341], "St6galnac6": [156.24989950469222, 804.50578350978481], "Acp5": [995.57885762761589, 171.46906110432511], "Itm2a": [910.60721322568986, 162.65440000972001], "Prkacb": [301.32210352007525, 765.95610119243452], "Sema4a": [178.87694782128159, 222.32143911553936], "Rpgr": [695.56122366358329, 769.72518066552789], "Il21r": [731.6316522905197, 215.02012408789304], "Pydc3": [360.82327473632415, 766.60771036248161], "Tnfsf8": [791.73038630294513, 964.50563109272025], "Htatip2": [209.87606531273968, 629.81914659280176], "H2afx": [144.94998620878414, 606.21384235524079], "Spred2": [785.92286419178629, 272.27271065196737], "Mcm7": [744.61627221115566, 929.88973353345273], "Mboat2": [932.29444489333969, 328.05733709734801], "Capn5": [652.86901492631239, 922.85405456142325], "Dusp6": [327.63505526654006, 720.94038227209808], "Dapk2": [645.20734201361472, 174.97022159681018], "Mcm8": [719.59612936507961, 919.1946943074804], "Kiz": [280.50223773454479, 655.74178088962412], "Ccdc53": [76.944613957873571, 651.74711178582947],