TF	Target	SignedQuantile	combStability	combPCorr	stroke	stroke-width	stroke-dasharray
Eea1	Ankrd12	0.57462	41.35	0.43	rgb(222,135,136)	1.808	2,2
Nr2c2	Ankrd12	0.18772	32.41	0.413	rgb(222,138,139)	1.629	2,2
Purb	Ankrd12	0.49131	39.26	0.259	rgb(220,167,168)	1.7661	2,2
Zfp260	Ankrd12	0.08794	31.41	0.414	rgb(222,138,139)	1.6089	2,2
Zfp800	Ankrd12	0.93439	50.46	0.464	rgb(222,128,129)	1.9904	2,2
Eea1	Trip11	0.99243	50.73	0.729	rgb(225, 78, 79)	1.9958	2,2
Nr2c2	Trip11	0.85594	49.34	0.54	rgb(223,114,115)	1.968	2,2
Purb	Trip11	0.23261	33.36	0.356	rgb(221,149,150)	1.648	2,2
Zfp800	Trip11	0.68445	45.14	0.139	rgb(219,191,191)	1.8839	2,2
