{"Nfat5": [435.04346505228619, 269.0894191547543], "Rif1": [576.29350244135185, 379.80175055843762], "Kif1b": [136.76796223514668, 520.01306311008739], "Pogk": [27.40781705232223, 673.63750652141857], "Cpne3": [97.36981387213126, 733.13059119585091], "Itsn2": [629.03947573972118, 843.89632410120566], "Chm": [367.51408455270837, 268.78205375402399], "Acsl4": [536.50678015027711, 970.31529441972123], "Tgs1": [713.97133122927039, 279.72112212366739], "Ssh2": [221.33921192337579, 687.14243884773271], "Dnajb5": [890.59338752068493, 636.13101204429393], "Nf1": [677.41700251365523, 778.58988794267373], "Ssh1": [208.94115226583881, 714.26791347299411], "Fbxo28": [458.16357182971313, 904.76871846983806], "Card6": [390.70017339851626, 79.19881433802118], "Cnot4": [600.27811534273474, 964.55835803215234], "Mga": [752.36606838143325, 163.08213994412819], "Slc2a4rg-ps": [651.00129550625809, 785.3705355351052], "4930405J17Rik": [372.28215593550658, 361.19631502653237], "Pds5a": [498.12294852499031, 271.32338288449819], "Ddx6": [920.04248712694755, 605.53099195560424], "Klf7": [661.57343589915945, 843.97720266163856], "Zfp35": [838.21966031162856, 313.61709525017841], "Fam126b": [433.24848478135004, 112.546212838347], "Bach2": [159.78585140620254, 572.51641593606359], "Gpr171": [495.6858216023976, 818.84863930207734], "Gm17066": [817.18490536056947, 159.94752704833422], "Klrg2": [701.64412914195725, 844.01606820535233], "Nr3c2": [17.287461885196706, 645.71053682353397], "Gm20300": [788.66691070256343, 154.74382700863845], "Ube3a": [474.79633049989314, 427.16616353720383], "Gm15880": [64.506190598342982, 630.94681828472949], "Cstf3": [597.42924620275892, 1000.0], "Prrt2": [704.31549950498061, 242.31424874263462], "2810474O19Rik": [53.299391567633791, 535.06003612802454], "Vps37a": [982.25676945185864, 511.74089405853863], "Khnyn": [546.21864806918802, 110.83596126453773], "Dhx33": [119.42580544876972, 783.32921188508192], "Setx": [570.50318500112076, 33.589248136614856], "Fam178a": [67.126510136992522, 744.76171817373779], "Zeb2": [639.36417935857185, 885.54034101587115], "Cxadr": [87.470175527663457, 768.2458688979126], "Rbm18": [869.81006549850281, 465.21104198992475], "Cep170": [488.72846250380559, 991.04571122446362], "Zfp160": [413.46882273371199, 428.82955179056933], "Casp8ap2": [433.32610042485101, 954.67877609358925], "Tmem39b": [229.70601270361578, 624.43201633260117], "Ifi203": [514.71546011329258, 108.82123269723246], "Dnajc2": [662.57376163697722, 947.94590977377698], "Tmem39a": [963.21274001792631, 486.7473158045542], "Rbm26": [543.39754824382806, 330.38470460826301], "Golgb1": [461.93434886297882, 827.87285757931727], "Gm15713": [811.37667987359396, 557.65300078376004], "Rasa1": [149.49148404583025, 736.92062526173527], "Cndp2": [587.54797893106524, 982.75013837904635], "Lphn3": [709.94627534605888, 869.96716960688195], "Zdhhc17": [797.07870476605513, 321.10793835989858], "Ralbp1": [105.26725872958531, 704.80260755362406], "Lrch3": [391.54532152088029, 305.81672115736609], "Ahi1": [317.3790453224035, 378.43551935956373], "Fchsd1": [44.201375329777193, 726.02131005004799], "Synj1": [599.36194540031215, 794.3768801969693], "Dnm1l": [625.00559994506523, 944.22094784719866], "Zfp397": [784.61958890176015, 244.21133424862001], "Mon1b": [18.711122658892009, 616.80116952900266], "Cdc73": [336.18558455891531, 283.03139010549103], "Tab3": [545.52528500493929, 781.29365958648282], "4932438A13Rik": [650.28508614586849, 920.98627842922406], "H2afy3": [538.28785116268045, 818.26407751190516], "Zfp260": [484.85155037925455, 70.212322690087717], "Zfp52": [982.71253811480324, 544.52772538360705], "Gng4": [807.21893016943454, 525.8742298400864], "C230091D08Rik": [384.0597173554213, 52.360466125761036], "Scrt1": [937.9129000385899, 475.2359687410252], "Nupl1": [610.11969593125764, 728.82742087602446], "Camsap3": [852.94619565297671, 254.05284047272568], "D930016D06Rik": [868.83672723732229, 215.48041156256249], "Muc5b": [691.78367985359193, 803.5291300200754], "Camk2n1": [927.19270398195522, 635.90709419404379], "Zfp59": [504.8836198886367, 0.0], "Fgfr2": [834.67719197146857, 578.18801972602], "Mex3a": [777.47758439617928, 183.81262209508674], "Tmed5": [489.71223112928237, 782.48092261580712], "BC005561": [452.36036845205842, 936.59083102451359], "Cltc": [521.02579949923324, 999.37371929410313], "Ccdc82": [458.90958016899845, 975.61552018866541], "Trim12c": [204.27499984812829, 589.50088864736551], "Cd84": [184.88157503858935, 650.01016014908555], "Rdx": [896.02719604033314, 451.68578568771761], "Nr2c2": [139.29994088494533, 652.01878786100201], "Basp1": [421.6909016553202, 928.30954102652072], "Ficd": [428.06685493163945, 898.46008335590795], "Stx6": [914.4965451724438, 545.60055634155162], "Fblim1": [842.49292812635065, 606.23981747358778], "Ankrd12": [304.93111649788864, 316.07078555664646], "Dido1": [145.48067063402937, 774.3526197928195], "Foxj1": [408.23882442404192, 882.62175893642529], "Cmip": [553.76161923341886, 998.60819523346458], "Zfp300": [815.09154553976873, 293.83511643253229], "Orc3": [731.79489873027944, 184.27003360854576], "Liph": [356.31778026170724, 306.72050165876163], "Dync1i2": [112.58070366664145, 757.0724093121953], "Osbpl8": [451.96588849567354, 754.34443878465447], "Swt1": [497.42117410167606, 327.32223969079587], "Xiap": [517.60482315594572, 26.320677243278737], "Rasa2": [840.46354590351189, 473.69758264388543], "Trip11": [375.23094827419226, 774.90236143519303], "Zfp62": [382.09012743737134, 423.0432041572526], "Cwf19l2": [390.55384188960119, 229.0388600403852], "Lrif1": [572.1121471808442, 96.891622419900727], "Ube4a": [749.71647113867607, 287.14173832836281], "Fam161b": [489.77021445901477, 921.99581703192689], "Zfp738": [863.29320615719553, 299.65786512519412], "Zfp800": [440.72501575184646, 342.20733002635387], "Pcm1": [471.48823150488016, 253.80543054611962], "Esco1": [526.61709983664139, 932.53402988167227], "Rock1": [676.81016196295491, 445.07146198784699], "Dnajc21": [862.72377724056423, 628.39198609260188], "Zfp809": [684.44970788371825, 924.93409041683742], "C430049B03Rik": [952.02701665256484, 621.52891080084657], "Vegfc": [505.27915182555711, 885.62544876623906], "Smek2": [649.88713489835504, 280.7930615924368], "Ttc39b": [441.70069552529816, 843.57210357707254], "Vps13a": [165.39609674117264, 544.78754238612862], "Mphosph8": [581.36605034928539, 69.11261798810358], "Chd3os": [135.96716750960269, 712.18543539464326], "Ccdc73": [421.75056454220038, 78.307433243771357], "Bcl2a1b": [960.49260917209926, 595.54103476512182], "Scaf11": [576.06385234422419, 771.89279256629175], "Zfp518a": [670.16807602023869, 899.29566779665868], "Cwc22": [651.57111124869152, 968.98311794145286], "Kcnq1ot1": [317.05564134019107, 296.669005269683], "Nipbl": [651.25141909745594, 749.60359311683897], "Usp9x": [194.96920605702519, 553.54451617543316], "Adam30": [885.07656845399947, 249.27720875120099], "Papola": [439.53435944419277, 240.14360607804582], "Suco": [921.30835501568788, 505.38415371567066], "Ranbp2": [531.86902344920873, 728.23199981634048], "Ypel4": [98.868091653152192, 612.29264434589516], "Zfp719": [55.662594020033737, 599.99926306889654], "Lrrc8c": [700.31176636482792, 894.45769846615565], "Tnfsf18": [442.05699607013457, 789.7705440491427], "9930021J03Rik": [609.8300609253954, 924.41892724166041], "Heatr9": [105.75937555291688, 556.30745729745797], "Slc51a": [636.1296433193354, 806.78005339562526], "Olfr1444": [565.31388359475341, 729.28915461779923], "Zufsp": [360.58086927250912, 393.98910462679839], "Slc35e1": [949.41311781908007, 518.5527562000093], "Phf20l1": [371.32849793032284, 717.11692489923189], "Serpinb1b": [629.32538552022606, 762.57824607076611], "Purb": [873.02067440418364, 532.74808458161237], "Zfp606": [473.7349143785342, 3.4982437290485677], "Ddx17": [859.48872604984081, 187.96285441102106], "Orai1": [818.59707957753744, 496.20294776251149], "AA987161": [883.02930331527091, 278.49292456228994],