{"Zfp800": [353.95366542913928, 603.41039608545873], "Eea1": [823.4980445029172, 50.377667109000527], "Zfp260": [-5.6843418860808015e-14, 595.15582599705021], "Nr2c2": [1000.0, 273.09168387711026], "Purb": [280.06233184876339, 949.62233289099959], "Trip11": [710.96484679312391, 320.78664280605261], "Ankrd12": [109.56928890402982, 796.43528910240366]}