{"Apc": [105.63322321542381, 346.07972838019356], "Nfat5": [501.98069449920985, 223.55315099837333], "Rif1": [695.55495315762892, 364.79532904659891], "Zfp800": [574.76148476300091, 304.99264579857163], "Lrif1": [709.89718987253923, 758.50328259446701], "Pcm1": [579.47422307675299, 198.75817782895024], "Tpr": [0.0, 424.78778402665165], "Itsn2": [346.31091968116112, 775.03020461339918], "Rock1": [738.92098690590296, 474.293685349719], "AA987161": [937.59463977772702, 264.76203421217951], "Zfp809": [167.98949799792575, 858.8345720994007], "Purb": [848.54924137910098, 601.82833957102844], "Zfp397": [913.84274380679551, 327.72136666349729], "Ppig": [384.04326891570929, 507.19044365713319], "Ttc39b": [126.8275807924461, 721.8588906421262], "Dnm1l": [308.66885000217269, 886.81484658833187], "Rbm26": [646.49703634526975, 262.17979559394439], "Tab3": [78.423204573770363, 665.4490329579221], "Usp34": [79.551008330295815, 773.09796048275814], "Kcnq1ot1": [424.66614785049046, 317.43233202821955], "Zfp260": [629.65376483939451, 760.5884541478157], "Zfp52": [943.46499848179178, 657.67964122284582], "Ankrd12": [453.21288607737876, 137.28906528040227], "Gm20300": [934.82356833086692, 396.2557949039271], "D930016D06Rik": [1000.0, 343.60170730679988], "Vps37a": [884.28383406991588, 718.7592459104028], "Mpp7": [349.08791384772917, 700.66331302233925], "Ranbp2": [265.57946310128114, 554.70573801919556], "Tmed5": [73.025838953776486, 616.70300963154284], "BC005561": [220.10141623421305, 891.26713999511321], "Wapal": [69.448190733654599, 403.90015163945162], "Zranb2": [651.50028037081267, 134.04666241955698], "Ube3a": [700.85853990375915, 193.03457403630853], "Spred1": [660.80984843906901, 407.17347450349109], "Nr2c2": [119.96690777813376, 513.53236821163512], "Dnajc21": [941.00576122372854, 718.77529279810301], "Zufsp": [582.98617146285892, 108.7328600048869], "Phf20l1": [346.05355512165704, 615.8685354508317], "4930405J17Rik": [514.17719410928589, 112.67605027660045], "Fam126b": [581.43850691858802, 722.38037855948551], "Setx": [697.85041883753661, 869.52575676389324], "Syncrip": [704.98285191618243, 291.37893580244435], "Nemf": [492.21305845014456, 310.48499434879295], "Rictor": [161.12765637416015, 579.78373526625876], "Eea1": [231.73383726130888, 701.07837271064329], "Casp8ap2": [259.62235159484578, 844.01382440502152], "E330033B04Rik": [352.22020494987248, 842.05990639307015], "Smek2": [820.88086848791272, 316.23738245359061], "Zfp518a": [118.32852608132822, 824.3482967090913], "Xiap": [601.70007088342027, 878.29602269645625], "Gcc2": [629.16000044333066, 606.51956064123556], "Trip11": [149.39384830871813, 625.40437499212317], "Zfp948": [481.03622513464921, 784.97646999923734], "Eif5b": [396.89667511524664, 250.30389194670954], "Taok1": [32.63757292575599, 356.65634222169535], "Cwf19l2": [408.69916254188036, 184.7361286258585]}