{"Adamts1": [0.0, 404.2121444364509], "Wfdc18": [735.44992360366916, 535.69083154970826], "Ckmt1": [837.6891327235893, 69.805736905743515], "Ehf": [813.43097409361781, 276.63747459991743], "Esrp1": [167.26647666691815, 572.91557436697292], "Aatf": [699.78570656176475, 863.74524476619808], "Adh1": [1000.0, 256.96785695116773], "Onecut2": [559.12765976115827, 740.34317478037144], "Tmprss2": [47.369518503198833, 272.04305665936329], "Mib1": [256.18290850066609, 268.83186142583827], "Pigr": [152.52146389382744, 202.3332224504536], "Ctrb1": [467.06319541529825, 899.49353418938563], "Gpa33": [328.88047431036551, 591.48741262346368], "Gkn3": [575.83272957835857, 840.81562803972417], "Cyr61": [37.843895646709825, 541.92709642723719], "A4gnt": [944.07716205567851, 367.08309679415635], "2310057J18Rik": [888.95265562943268, 481.80290371926503], "Tff2": [646.61402817195847, 262.95159680065774], "Ceacam1": [940.5329943868926, 141.44749276324421], "Glp1r": [721.3351581490507, 57.40794456560252], "Elf3": [161.57835847097579, 420.40171813990059], "BC048546": [594.45370645116373, 942.59205543439748], "Pgc": [640.53523327831408, 135.66956855695514], "Ttr": [704.7763327151024, 397.19404765406506], "Krt19": [304.55105269859718, 420.63421236365127]}