{"Adamts1": [943.14193298750251, 176.25837043886665], "Wfdc18": [233.40632303043208, 501.73788314597982], "Ckmt1": [276.82592950743054, 1000.0], "Ehf": [262.01955675058292, 788.30008809587127], "Esrp1": [687.14149565646494, 123.74024366904848], "Aatf": [208.92140265241267, 0.0], "Adh1": [38.470497565271216, 845.97432325318005], "Onecut2": [230.9923716923029, 202.90129325982767], "Tmprss2": [980.95424986784133, 328.68247866897957], "Mib1": [790.7327672451645, 464.50695576374812], "Pigr": [927.52858877614722, 459.29615430397405], "Ctrb1": [19.04575013215873, 178.57162479545573], "Gpa33": [529.35399027864537, 205.2175085145102], "Gkn3": [146.66922532007624, 124.52926449353507], "Cyr61": [823.63507267847581, 71.843681080086483], "A4gnt": [98.802219960117554, 737.28110306345161], "2310057J18Rik": [106.04105671782042, 608.0198535146892], "Tff2": [479.64264360041608, 765.30605333375365], "Ceacam1": [138.64047833586224, 951.97869702573439], "Glp1r": [411.99618383977349, 982.47913265016643], "Elf3": [785.67447379095825, 262.7752915069176], "BC048546": [66.121424580978328, 40.510840479362209], "Pgc": [505.56925634504671, 895.7257377622235], "Ttr": [370.00648579119149, 639.47240532938474], "Krt19": [654.38440282171564, 352.60942234152674]}