{"Cers4": [455.83783913875965, 154.00640521030522], "Itfg3": [799.84934648441219, 758.60110309014772], "E430018J23Rik": [906.30386993130378, 728.07839261032677], "Wfdc18": [673.69886734437637, 525.72520861789428], "Tnfaip6": [262.63670151517056, 814.37889281373657], "Ehf": [823.84731014771432, 793.4053630895778], "AA986860": [702.82786971134033, 767.20765753499632], "Fbxo25": [455.67649094067673, 347.34020821134646], "Tspan8": [855.91020636449002, 666.05478998581907], "Slc19a2": [61.535946885578312, 825.13749334382624], "Gm12216": [387.15753213177487, 354.21087095530845], "Trmt112": [644.13620694253041, 84.943184513686504], "Shroom3": [991.46201512201424, 703.95733730699044], "Itgb4": [761.62741325463151, 808.51654077644855], "Olfr1342": [348.40210789263404, 331.82738529107047], "Cryl1": [43.589566254333761, 689.40380164407554], "Pkd2": [804.28636853968442, 867.2726864437077], "Pigl": [34.031229302471502, 853.12918777736706], "Ppargc1a": [287.88568596264918, 218.77386999532962], "Dak": [478.22952608165087, 115.30097227119541], "Dym": [515.31840722817651, 319.33190632916472], "Pigr": [9.6913318190411246, 817.08790186431861], "Ctrb1": [412.19871241027442, 82.648669629058929], "Gtf3c5": [488.92587193547456, 79.418521718402303], "Cyp4f13": [959.53266273193981, 843.81684567024467], "Homer2": [584.14537432814382, 136.28027355746093], "Dnajb2": [539.02972081855364, 230.01197926219709], "Nfib": [731.36461775591988, 962.50749551623539], "Med31": [35.269632362961886, 745.51306666657911], "Cyr61": [72.177097369586932, 662.80626417659028], "Ulk4": [220.88857143623341, 774.19249063613688], "Ddhd1": [960.72782265450564, 803.07473411097999], "Clip2": [413.28162211412109, 172.41933901361216], "Hspd1": [618.00813452518264, 176.58981412643894], "Mansc1": [725.81940161918669, 910.44204810994506], "5330417C22Rik": [770.71560096627479, 721.689699979441], "Tmem56": [896.99260041813045, 638.2241378763996], "Lag3": [522.73095449231516, 58.444972874442442], "Gm11545": [404.95175158799128, 383.88833025463407], "Cldn7": [901.52248082539199, 908.93968633787858], "Foxq1": [1000.0, 776.20147177413037], "Zfat": [720.74514437483788, 643.25999723018333], "Arhgef28": [683.41361466439162, 256.33300576214975], "Eml2": [896.93357392863936, 694.80329139385674], "Cyp2j9": [450.39210216335147, 76.954565003347], "Zfp36l1": [605.06458700239159, 98.535092357369194], "Kat2a": [633.32785524866472, 149.51251140816873], "Arc": [73.839133337149178, 709.99622837536833], "Rhobtb2": [320.39790522781908, 110.03730091927156], "4921536K21Rik": [620.3379553632351, 70.737713510566437], "9130015A21Rik": [647.92250347070262, 280.30683742565236], "Krt18": [717.3995656659763, 808.2642749337947], "Glp1r": [979.88839033602881, 860.02829248572357], "Lysmd3": [737.24975234850069, 878.8608070453846], "Hspe1": [179.86897276679181, 608.78398945701053], "Gkn3": [441.49430484198524, 393.71265192026505], "Ccr1l1": [580.02361866197919, 191.03907005637467], "Slc22a5": [88.9270213197006, 857.3615664598575], "Atp1a3": [693.09890446197369, 917.47121482149782], "Fosl2": [468.11381922785051, 375.60881789769638], "1110028F11Rik": [577.08029473156216, 67.326563251180914], "Foxc1": [209.84175354392991, 632.7692352534682], "Msr1": [705.2483499923494, 944.08298689059609], "Ctla4": [382.40569415220256, 103.79573047716008], "Adh1": [647.0744589717624, 833.9857978465709], "Hsd17b11": [844.78970686399543, 732.20369635817769], "Ace": [650.61893691410751, 798.39259489317737], "Onecut2": [489.30119987948933, 220.88785408522622], "Mib1": [117.73694499703873, 812.66751925970016], "Cpb1": [363.04309556231914, 162.12168784334477], "Dnajb4": [533.60548449882219, 280.16746023828728], "Nmb": [764.45418596468858, 970.20294657780107], "Anpep": [653.43998657033444, 315.4731733140319], "Kcna6": [572.48849128133315, 101.23134161798163], "Mmd": [431.84463075713961, 238.1205997288435], "Zfp184": [704.54581761989016, 694.77474626562241], "Cd83": [551.14709642451521, 152.84080628699252], "Clic6": [932.42892631926748, 917.5437529647354], "Ntmt1": [787.00217518698651, 942.07664645953776], "Muc2": [154.13781776838195, 915.31811475572522], "Mgam": [76.100227158209066, 776.99377935570715], "Sult1a1": [544.1566057181883, 33.868496618481458], "Muc6": [290.59003920491097, 283.64893115229404], "Ap3m2": [653.70893724041309, 867.14583348875112], "Reps2": [998.61623879637386, 739.77891634258935], "Ceacam1": [892.13648680602364, 946.36252316067885], "Mospd1": [324.74100660291759, 230.88683136357722], "Tsen2": [845.74868831526373, 631.89199254640846], "Mief2": [369.54933646364384, 201.07878370071256], "Lypd8": [4.8760418052248724, 687.43435866691811], "Fblim1": [938.19206363113153, 704.77332815467457], "Elf3": [135.42300431980371, 760.99298614029442], "Boc": [799.27425617948666, 968.35412313291545], "Pot1a": [845.37058716892022, 875.97599571616456], "Itga9": [697.36188322577948, 212.33496896928636], "Dhx58": [509.10514617478083, 173.2487377695968], "Stag3": [194.57576328568817, 908.22984559096915], "Zfp277": [693.01144569473911, 728.46017235852469], "Fgfr1op": [967.27393120090733, 732.55783771014353], "Krt19": [116.33909134094776, 624.03555015128018], "Hist1h1d": [536.88965307644685, 93.315295166693602], "Gm3716": [381.69145752145141, 308.11196047483827], "Hpgd": [877.36333177496977, 770.73024169492487], "Tmem66": [246.9166228036521, 864.46504987815183], "Adamts1": [174.46002958813966, 717.88304887732568], "Acox3": [565.43578757786736, 378.96332661299249], "Ckmt1": [869.03183297826058, 920.06275635304655], "Pik3c2b": [339.17513243520051, 304.56445420345864], "Clip1": [953.34157666281453, 890.23281421132265], "Aatf": [597.09118325172119, 358.54656461034273], "Map1lc3a": [350.29370598983314, 91.138642491174096], "Ttc39a": [676.33454258657298, 132.67693930064939], "Ccbl2": [832.67413042533019, 965.10189654717192], "Itpk1": [691.65769368473684, 180.71600673354314], "Nek7": [117.16747307346117, 880.70339002879928], "Pmp22": [33.253754446949074, 791.51963081128054], "Lonp1": [27.732453794580863, 651.45701871627864], "Tmprss2": [236.76789365001997, 833.13806471098701], "Gm8234": [339.13376175679355, 198.13365357485691], "6430531B16Rik": [668.86118400808198, 227.7607159505321], "BC048546": [637.31727338359701, 247.27819892839258], "6330416G13Rik": [671.06346045797591, 167.09203002822071], "Aif1": [536.68564679544738, 366.96898657714218], "Smim24": [970.99299000175529, 678.0635619614111], "Gins3": [499.58859584564641, 381.05043605373675], "Bag1": [609.22103814581192, 221.87959915964632], "Dmd": [930.99589307863107, 761.46142898924245], "Tnfsf15": [875.09302343148056, 619.6749707349577], "Rasgrp3": [926.8101473875081, 814.27284089094701], "A4gnt": [755.72181457285387, 765.39975772152184], "Sorcs2": [940.78644674512179, 636.5571139214785], "Gpr137": [433.45497467556845, 112.59586651260298], "Tex10": [592.096471106933, 46.132825376029643], "Ermp1": [436.73478820344525, 305.29991389197875], "Slc51a": [434.30019831434669, 38.578446659896713], "Atp8b1": [751.30475528666841, 933.16472089859997], "Arhgap20": [680.24132611806658, 288.44086645223609], "Lace1": [683.95072571060268, 823.09484949824093], "Pttg1": [290.17311393362104, 185.89970986818145], "4921513I03Rik": [215.48439088439318, 711.25834503328178], "LOC102634401": [66.283602371610243, 628.00788333876255], "Guf1": [927.88522593414086, 860.42956303352003], "Cdc26": [862.62086203182253, 959.47957170348593], "Gpa33": [280.91207911228355, 514.86625327156867], "Ank2": [595.51692164107101, 265.44396904531499], "Rdh11": [966.65199696326636, 771.53116007410426], "Ttr": [823.16919129794132, 673.21598760877589], "Gdpd1": [997.38849750067197, 818.32486162941586], "Eps8l3": [478.0960626974877, 309.67910449202139], "Muc4": [293.02851843922963, 247.368823683426], "Crat": [350.29627763877153, 126.0326314362265], "Morn1": [373.0460117783457, 236.39279392519333], "A530099J19Rik": [623.55807103880034, 333.43457435680415], "Ak5": [560.18915542105492, 337.79206148638508], "Gpatch11": [388.64627629959477, 146.0367812454399],