{"Cnih1": [499.40435411314718, 280.7993708016125], "Sorl1": [961.50586183935729, 221.56960791374757], "Ncoa1": [896.41845878370646, 358.79492432713641], "Peli1": [464.52094084718482, 699.5290278187631], "Tnfaip8": [84.900281655908145, 193.69442836623756], "Nsa2": [45.810180714481703, 249.45188498671297], "Psen2": [505.39762654037139, 728.82790085431384], "Tet2": [64.504369146382146, 217.02470541468176], "Nrip1": [939.04126438503476, 397.264838421131], "Ppfibp2": [999.50679090156882, 327.25088898825163], "Art2a-ps": [191.27542446516938, 176.27059551100353], "Kif23": [499.8837343313694, 105.61126752416862], "Zdhhc21": [639.69435833260377, 239.83805461598416], "Selt": [772.41403389188395, 744.68444569413964], "Nfkb1": [351.14716071288103, 833.15287796297514], "Cdip1": [170.5566856226821, 220.82979708359869], "Scin": [589.33967065200591, 116.85158554247874], "Fyb": [939.66059893281624, 245.58135299618226], "Ppp1r3f": [768.43533714160844, 795.89252706017896], "Hdx": [928.74518097547571, 680.94754859513512], "Cox10": [313.81885248891018, 825.31226751222857], "Irf7": [866.31331755685926, 714.74590870505835], "Arid5b": [210.57856747150225, 195.71880898911218], "Itgb7": [529.72721857135355, 257.76693387915407], "Rmdn1": [800.00797168109489, 756.88164834574718], "Ptger4": [13.718222932254264, 342.99645428524479], "Pbx2": [146.95777950808713, 633.40114879378586], "Aldh1l1": [203.82825209214403, 161.57962178062172], "Slc31a2": [446.51312532786955, 734.19250535386607], "Abr": [814.1556199143572, 675.1939600356643], "Dhcr7": [150.23294747129341, 360.89035444792307], "Tspan32": [84.247383088236575, 167.92010749736914], "Ptpn13": [554.66181753314299, 98.37024809065565], "Klf5": [497.79463907566077, 123.22970836113143], "Cntnap2": [291.99077405018204, 823.79176202089502], "Gpx4": [957.97319732030314, 268.43104264598662], "Rgs2": [548.8049806059621, 76.172894051456296], "Gramd1c": [199.26006792971057, 254.97978400002052], "Hes1": [383.77247790724647, 840.66266056751942], "Lrrc58": [888.94535697042181, 381.78555667259934], "Homer2": [434.1117892434321, 877.52168936178691], "Klrg1": [521.69428995784529, 119.08019572529889], "Ntng2": [858.65114341487515, 817.74515096624134], "Coq2": [223.7320779948478, 296.92401220151538], "Cenpn": [849.72913852233228, 261.06979065670095], "Nr3c1": [437.5816446331487, 708.72072787336015], "Slc2a9": [671.74754060120608, 749.37788526665167], "Scamp1": [502.22171974993137, 771.53194421897115], "Cep63": [498.2211222709638, 254.72451332898373], "Adar": [797.64493870180559, 692.37799688647988], "Rad50": [519.04628148102825, 751.59180275678909], "Pcdhgb4": [98.658545417388211, 255.06158745128357], "Tph1": [501.91378982954268, 686.68145285565686], "Acer2": [528.67795751697554, 840.44389898266127], "Baiap2": [140.56849162738825, 148.35540429896747], "Mbnl1": [911.34255884121785, 771.71849321760601], "Coro2a": [207.20809752209485, 314.74744447777096], "Zdhhc23": [617.55174016658145, 260.9536859630204], "Pou2f2": [425.4331223436854, 782.81532369923684], "Fbxl21": [361.21029981378445, 738.07192622448554], "Ap1s3": [496.88008930079678, 824.09172994119422], "Plcb4": [980.67867177307357, 373.62521578921417], "Plscr1": [2.0914038274354425, 263.90442435963064], "Arg1": [666.67186266413319, 283.56178924799042], "Sbf2": [980.28966310908936, 243.33424051079777], "Kcnq5": [482.31619984004357, 139.46636483288842], "Cd27": [181.6950956369561, 196.23665318186443], "Gm14005": [231.33393117710085, 209.62746481679579], "Supt3": [46.685259376414535, 336.27411602398547], "Bcl11b": [159.90385314528129, 137.63769466211176], "Irf2bp2": [859.1221870655321, 683.33621270442768], "Art2b": [462.3377586864612, 852.64418826739688], "Fam216a": [238.17734846294886, 323.85137774065367], "Pard3b": [695.58349105969751, 134.68678962278551], "Igsf5": [63.456619693752486, 665.14422111300394], "Kxd1": [49.733254221901745, 367.33965763803224], "Myc": [899.17023516108611, 793.26900405629635], "Lin54": [65.415036401001544, 358.88369020746455], "Acot2": [122.36124677858044, 654.13894716514574], "Glcci1": [910.79792394478284, 740.09091232625701], "Areg": [471.47768800405652, 827.9508016021681], "Rab27b": [23.639803817439429, 363.8906066365023], "Smpdl3a": [391.54853871399888, 698.84721948054403], "Tbck": [133.65133513647157, 725.0091385896153], "Lonrf1": [414.66917103932178, 829.10047879302147], "Socs2": [758.70821740224437, 700.7088194807767], "Camk2d": [879.09571373803692, 239.99453586319038], "Plxdc2": [992.72636421543893, 351.97848216766334], "Btla": [588.13574643609149, 171.4150398759287], "Cept1": [299.51179873277204, 846.547314057736], "Pkia": [782.20283925678154, 816.95398478616426], "Tbca": [36.8809635487371, 222.34248428738789], "Pde3b": [810.8561599403738, 827.07270861752841], "Npnt": [406.60178475357776, 741.17693047385399], "Pparg": [642.25402607888213, 90.45371509961916], "Slain1": [263.90398167948138, 514.56553476437534], "Ifnar1": [139.09002418328305, 317.37773598432136], "Slc6a12": [414.72257063995806, 711.53367281999499], "Nck2": [358.06610090957423, 878.92480303302477], "Irak3": [520.00197753416489, 883.13893701343454], "Eepd1": [529.2282663393047, 305.02468092207198], "Camk1d": [535.37292068019008, 212.44435108644086], "Fam213a": [223.18644420593682, 345.88901599559966], "Alad": [782.43844578752987, 638.94879936231564], "Stat1": [829.59924522329402, 725.1821191040242], "Ttc28": [537.27280413139533, 728.27569959959965], "Atp8a2": [107.46975677631104, 625.15781266096303], "Alox5": [693.57844588299304, 270.03732672986592], "Atp8a1": [160.50835483757169, 161.18482557294146], "Gm6213": [213.05015925306336, 229.72537612315114], "Pglyrp2": [100.68112270609049, 227.97096528993183], "Gm5124": [333.81692852645904, 775.85005253599775], "Elovl5": [329.36929626625914, 716.76497235073703], "Dip2c": [901.51652806476704, 713.15724889598653], "Syne1": [20.06667591626001, 285.07133569005754], "Kcna4": [495.60223070665137, 178.76795142240701], "Angpt1": [894.38854036137604, 216.45604055424502], "Sptssa": [660.44931089960846, 138.29598701146904], "Gata3": [586.48059678107609, 217.44806612561644], "Mex3a": [388.89837048908731, 920.96407572520638], "Phf14": [680.24989205526845, 116.37776243981557], "Src": [370.92172322147309, 682.33126347415373], "Ccl1": [519.28159570107869, 231.6051641185577], "Faah": [203.76474829079936, 361.64983922580461], "Cpm": [188.60160842055632, 329.5460533895083], "C2cd5": [828.94266594826831, 637.360369005542], "Fars2": [590.97277868004835, 293.15758749611877], "Arhgef6": [677.02534132612209, 242.49314449998934], "Nipbl": [57.714086692708463, 295.05590336880567], "Wls": [772.91560800410343, 676.97923911263979], "Stab2": [390.02162834072959, 669.34301477812096], "Med12l": [545.2681320533452, 154.133756169663], "Nmnat2": [43.832902056122975, 274.93711497348244], "Stk4": [89.015776546215193, 352.76368062685401], "Mctp2": [48.846820701382967, 683.83661367027446], "Hpgds": [465.10903303320219, 884.16446826315234], "Gkap1": [243.99796153762838, 226.03739359768224], "Sorbs1": [146.66612829065684, 397.72763477501269], "Cpq": [164.2870255616121, 338.50888562956283], "Gfpt2": [45.535689598160502, 622.04017091662422], "Ttc27": [709.24007591175837, 226.97031900294138], "Rgs12": [105.19753346781266, 704.51173114503274], "Sepw1": [625.4854101041276, 121.99926067595709], "Rab4a": [530.29169383717294, 90.10881298692567], "Dctn6": [472.01814060915098, 317.0098574470781], "Fam118b": [362.54574393789062, 713.84102037653406], "Rbfa": [530.87627938674939, 807.80074605590789], "Il5": [558.45768949558214, 320.42898966308405], "Ube2e2": [693.79107396470181, 211.81437756603788], "Ahr": [684.7421572827144, 295.39486324545646], "Nedd4l": [913.39748843991299, 392.0310179354932], "Nsg2": [70.726198079630649, 251.31925189079681], "Mical3": [870.68982063144404, 360.67170737328047], "Rcsd1": [68.861135271091825, 398.98886139598494], "Pde7b": [962.3269552703423, 389.46635126416123], "Cdk6": [844.33725209122792, 619.44014784971876], "Slc25a25": [189.96625961933296, 423.15377008003998],