{"Acer2": [603.931755224428, 867.68383295617991], "Deptor": [421.44736015916777, 368.32453652301649], "Grhl2": [705.91619542013132, 768.67273202977015], "Slain1": [783.16353762871086, 547.69360601529615], "Nfkb1": [564.30512933605507, 725.87699199582823], "Fam213a": [849.43218480058056, 295.07108801894367], "Atp8a2": [168.38423392364137, 66.119168071520846], "Pou2f2": [692.37611565959583, 675.92571493770049], "Creb3l1": [738.61568285311535, 881.7685758570143], "Gramd1c": [924.40518394073683, 377.58430782663311], "Angpt1": [610.90320647201543, 39.225463797486896], "Rad51b": [510.74024788421457, 808.45214553724327], "Zfp704": [188.62431228973389, 667.12350894115889], "Stat1": [745.61233248494216, 1000.0], "Ppm1l": [75.594816059263167, 498.30241987764822], "Chn2": [186.91748373558653, 157.34040702687997], "Elf1": [722.85008874444907, 465.68700361615629], "Nckap5": [270.79003598496047, 0.0], "Pbx2": [301.27695977839358, 166.99675283675037], "Sepw1": [76.30146348100709, 626.46829412064471], "Igsf5": [320.55380883809391, 76.829015991785127], "Kcnq5": [215.17701339486928, 409.12382260912642], "Art2a-ps": [796.72866293049219, 383.34562088619612], "Gata3": [215.89171938171523, 522.14795861906896], "Cybb": [827.53101387180288, 780.7197075955894], "Nedd4l": [681.90696813810246, 81.934083411684355], "Dctn6": [307.62059383052792, 545.29335977855737], "Ikzf1": [541.52323305177322, 205.59750585307376], "Ppp2r5c": [908.13525989157006, 491.20214199392944]}