{"Adamts4": [449.28531565484747, 147.88221760976808], "Eln": [620.0439830972939, 368.56386962280936], "Esam": [628.55807922453243, 306.64657930501534], "Pdlim3": [434.25407793527125, 932.52848155423271], "Mt2": [473.98015307521848, 900.93630558116138], "Lima1": [4.4189545459958026, 381.16363948017408], "Mt1": [441.20818103809353, 860.84845667146681], "Robo4": [681.03105868847229, 240.21935584853645], "Fstl1": [551.77557581877591, 290.63434744969032], "Angptl7": [445.86175529831741, 213.39719950627517], "Igfbp3": [756.41114183106549, 445.10570717630054], "Plekha6": [386.88641448905105, 938.33725840340117], "Serpinf1": [675.8404375691814, 145.16269632210924], "Ereg": [955.01223003533482, 506.1039719813914], "Mapt": [758.77809136809276, 666.21611978173985], "Ms4a7": [489.38977005220079, 831.36328688630715], "Flna": [0.0, 300.32256335462688], "Tns1": [218.35579938245667, 223.27407667915372], "Ppic": [338.93565231343382, 946.37201809497196], "Wnt5a": [520.94139465811895, 63.349627531963392], "Dapk1": [84.634950819917833, 176.97865154536788], "Yap1": [475.02846534043198, 96.062690808105117], "Dcn": [471.64949045964613, 497.81153186715119], "Spon2": [929.73922805337133, 742.74438903168664], "Dysf": [985.32142464952858, 545.83932013004517], "Tgfb3": [969.74136859498606, 710.66544393179925], "Lyve1": [781.30416035376413, 610.9239114565645], "Fbln1": [359.74225149695559, 686.86366138000039], "Tsc22d1": [128.97822970506019, 300.59708331901692], "Hspg2": [529.32334054327032, 148.63421638380487], "Cd34": [486.11452800543583, 368.90134034274388], "Gtf2ird1": [34.905451277732027, 339.12229381526777], "Pcsk5": [770.55919759576568, 749.2553626888174], "Cyr61": [994.07447289392087, 644.62503567953991], "Rhoj": [225.05677809006789, 305.79974190081526], "Nphp1": [110.47134125830337, 410.03994190771948], "Mfap4": [649.2714899533629, 65.182322189538354], "Ephb4": [682.10281191083413, 330.91841470888835], "Col4a2": [131.12536212512032, 156.91092751954409], "Mmrn2": [770.58953349591047, 206.024295962586], "Ly6c1": [78.365894644592288, 448.67579932032197], "Serpinh1": [305.67533110189424, 264.60683699313608], "Fgfr2": [906.21175163161695, 523.68518417752477], "Mir3058": [709.65603044116961, 93.772862707128752], "Stbd1": [630.26190349136414, 107.11586799061593], "Amotl1": [226.77225243507621, 805.81846678088152], "Nfib": [345.63013684996804, 793.32033992178503], "Adcy6": [177.60601758406892, 814.77955243378153], "Dmd": [1000.0, 593.35642325310221], "Lrrc32": [793.41764721270408, 544.59496922224639], "Gas6": [412.75016371886443, 772.19559827009471], "Uaca": [248.77803447278268, 882.790715976652], "Col6a4": [936.67972451484661, 658.93430292708194], "Mmp16": [752.18823178144748, 143.9864193481244], "Shroom3": [323.40591029202676, 895.22577046432514], "Foxf1": [872.50060198002006, 634.51216561287322], "Slc1a4": [903.25456759407643, 782.17757213292111], "Ednra": [549.24657989580169, 399.96762256403099], "Phldb2": [808.69102264853495, 783.33587193228118], "Osbpl6": [163.28523796673625, 416.45347028549907], "Sox7": [587.37217574273291, 233.77450204558789], "Ckap4": [245.83126427839585, 692.77578395280386], "Rgs16": [855.94456246797677, 783.57884359547506], "Lmcd1": [32.488005204873389, 424.18026421718548], "Arhgef12": [463.93989650667982, 288.34195137865458], "Lama4": [577.76573548871977, 105.88301722932943], "Gm13889": [515.0054509687468, 218.99817477166306], "Sema5a": [708.83335061515004, 191.08060580996806], "Gdi2": [850.18002048471374, 499.49424220573832], "Tjp1": [275.42488025328822, 924.55308736254574], "Birc5": [198.83897735167551, 726.54995248236446], "Muc20": [797.68558490575833, 705.64439897692421], "Fkbp9": [19.774242008448198, 251.76198478286875], "Axl": [239.76722716534493, 759.43907016544358], "Nid1": [746.60276134348658, 258.95468622665129], "Timp3": [580.63905398566669, 53.627981905027809], "Vcam1": [201.0471720254609, 866.38458139790589], "Dll4": [55.753396682440382, 216.55236705127385], "Vwf": [174.01088234934207, 183.20076172794143], "Cxcl12": [301.77791995981448, 684.66228056670059], "Hpgd": [473.83454186959335, 778.86772313082338], "Fbln5": [415.31049297474647, 711.39128557975255], "Pcdh17": [192.53734480566737, 365.21852940415363]}