{"Pdlim3": [44.650170773616821, 821.81127263339749], "Mt1": [0.0, 691.47344904133445], "Fstl1": [603.36901333433991, 149.40605737522856], "Igfbp3": [724.69090325732429, 393.37473843143215], "Ereg": [798.38891952578388, 529.50982606486218], "Dmd": [931.25568634816068, 642.41881607015648], "Lyve1": [988.56365755673016, 428.44205747694485], "Tsc22d1": [531.50466316429868, 767.6853807861994], "Hspg2": [390.62259889190841, 287.16903313534181], "Gtf2ird1": [734.22190285397903, 759.72928926240741], "Rhoj": [612.45824448906058, 727.58354869169636], "Mfap4": [284.34326350157352, 286.36786848512645], "Col4a2": [597.03493355448984, 906.94885227013538], "Serpinh1": [502.73805305771299, 613.0361903185634], "Amotl1": [292.59272038120253, 767.71394459785552], "Nfib": [129.28988636978238, 738.262721753248], "Cyr61": [1000.0, 552.77381326026602], "Lrrc32": [878.30074110049122, 368.55578039207808], "Uaca": [169.99416868671489, 848.41472804225509], "Foxf1": [875.80467719126875, 538.19504033006137], "Ednra": [506.49368410617558, 93.051147729864624], "Osbpl6": [683.21275702094238, 857.08063811918259], "Sox7": [481.62918584482787, 297.16434497860234], "Timp3": [391.5104884676856, 113.9351063010061], "Sema5a": [302.15343370033861, 181.89755487640349], "Gm13889": [517.38767364644605, 209.25245644141864], "Vwf": [475.60157186881008, 834.97779020374401], "Cxcl12": [186.46188438765512, 637.59173918459635], "Fbln5": [63.15203355355635, 591.75187207677595]}