{"Ifitm3": [794.74998378020211, 104.7575086901515], "Tbc1d9": [614.50759153894637, 48.39213484394179], "Actn1": [379.97299326868244, 505.06207826165416], "Il6ra": [961.54533795152281, 724.89536855054018], "Clec12a": [644.52509897496202, 874.08831406324691], "Ccnd1": [829.93340062507787, 402.83034082587812], "Ifi30": [898.68151268399481, 795.95767346553509], "Tnfaip2": [417.52482350615855, 164.9237987117487], "Gatm": [717.8349202421872, 857.08388184880664], "Mefv": [650.02465895519776, 163.06979885218163], "Marcks": [688.89742005406731, 101.42782183442324], "Cdc42bpb": [65.332630222823354, 99.179029356271883], "Cd74": [81.13963764658979, 555.53699913778291], "Anxa3": [760.80671084413211, 951.6078651560581], "Amz1": [549.91820363174861, 474.09834847994597], "Klhl17": [739.10825120967456, 70.085000750894039], "Snn": [214.39511024282592, 855.69426519595527], "Csf2rb2": [777.84329214630066, 344.92583426749184], "Cbfa2t3": [725.29747113230883, 472.46664645916701], "Met": [1000.0, 776.16811539059472], "B4galt6": [579.67434930174227, 539.30766988752441], "Gata2": [794.16228496530823, 741.66328651863455], "Sirpa": [505.03388868490612, 179.24078681396509], "Pf4": [907.42015099737819, 904.52284729673352], "Slpi": [138.60071696146917, 845.13559126050473], "Cd180": [899.00323644383298, 362.9615060397565], "H2-Ob": [0.0, 647.2681159730738], "Fgd2": [797.29496446013104, 552.45032457213199], "H2-DMa": [726.43084780528511, 413.44190277982125], "Ppfia4": [506.08901765651177, 299.87346454398897], "Pirb": [424.22477805716136, 343.75249151709386], "H2-DMb2": [812.23390317564781, 852.70387721845611], "H2-DMb1": [743.05199701812944, 279.48857266914678], "Wdfy4": [342.89478384665381, 218.37238351457637], "Pkib": [23.496934803326212, 731.52776720271902], "I830077J02Rik": [773.77221393640332, 194.48188478290518], "Cldn1": [686.04156426955808, 934.94188148435842], "5430435G22Rik": [368.67115242042871, 343.54117463682337], "Vwf": [837.55415129104551, 941.96018396688282], "Ckap4": [913.00889090923954, 292.43017432207222], "Blnk": [242.72403730859662, 793.47989408277317], "Spi1": [637.96479151470203, 321.3153351928072], "Nlrp1a": [459.70086619221388, 250.80669257044815], "Cd24a": [166.63832031479831, 737.99855784646866], "Plbd1": [359.603419387043, 459.6652257165498], "Pou2af1": [173.15604253139975, 662.71445259635834], "Csf2rb": [839.21733873755431, 271.18051956262815], "H2-Ab1": [724.00310538103838, 562.97620756978017], "Scarb1": [72.29235916711491, 799.60120336552598], "Ifi205": [834.59975296490234, 154.35825549926187], "Bcl11a": [642.77088068425564, 505.06661220432903], "Cd40": [93.975766323547987, 650.52214160660878], "Nfam1": [568.97087516993383, 209.8914871113389], "Syde1": [533.8688629550478, 75.113009619918728], "Cybb": [834.66671302892826, 456.4169567495635], "Alox5ap": [482.46748202550714, 495.48647838529081], "Tlr7": [479.03347443027707, 109.50708902398264], "Clec7a": [889.9575668807629, 223.47680269394266], "Tgfbi": [579.53199120918157, 101.38077033461565], "Myb": [966.25208133634226, 848.77085894020388], "Plekho1": [465.02694481706743, 398.3645793956498], "Zfp385a": [156.64973665519096, 130.70078830035686], "Cxcl16": [14.503229646081536, 565.2646959044946]}