{"Csf2rb": [132.45085664619569, 511.21768039224401], "Slpi": [248.37646795947626, 811.41078212705816], "Spi1": [352.15120065463429, 429.69348243365033], "Il6ra": [914.3694816793577, 590.00978356947826], "Cd180": [85.630518320642409, 318.48965022689237], "Pou2af1": [125.62439447784811, 951.87016932803294], "Snn": [291.26295428328262, 1000.0000000000002], "Gata2": [625.82186567634858, 487.84184131952071], "Fgd2": [381.52654457402571, 576.76221224860763], "Ifi30": [802.34477362329631, 669.36281329709504], "H2-DMb2": [871.46817071930514, 457.64724751606889], "Wdfy4": [230.68133132808168, 142.70284139117308], "Marcks": [542.0611435179768, 225.97580646690699], "Plekho1": [386.95795748034629, 190.71104882906849], "Zfp385a": [378.58017723076978, 1.1368683772161603e-13]}