{"Cdh10": [865.7450281305056, 624.91263913733678], "Strn4": [447.91753737257125, 16.9071074263951], "Pcmtd1": [505.15292656006613, 239.17508167162151], "Ncoa7": [31.563629244375193, 662.82410825260308], "Glb1": [680.10963975722689, 131.11582552333527], "Nf1": [40.416640847435531, 740.28235577078658], "Fam101b": [586.7503331599778, 55.778893107719966], "Slc6a13": [186.14000495123673, 522.50439073242774], "Nr1d1": [815.53990109130109, 791.21911865451216], "Nr1d2": [513.43766538341629, 149.76825782029684], "Nek10": [34.541715706332468, 702.26604731526106], "Cnot6": [335.90824621877738, 681.38925245580594], "Adrbk2": [939.55892761158952, 855.67688189366891], "Tnfaip8": [863.17655107805683, 892.03037639165655], "Ppp1r3f": [375.49652595616294, 171.50510362060282], "Anxa5": [973.75122139877578, 870.33853856154349], "Bik": [971.08553369633364, 787.29112071589157], "Ppfia1": [18.43748667983084, 589.12212813923668], "Aldh1l1": [249.8252885395363, 834.33921491031265], "Vav2": [366.07244907672941, 94.94019003800679], "Pigl": [765.09538352673007, 618.17123102385676], "Dkk3": [280.27730229445928, 552.84109944780528], "Dym": [983.84714460549094, 680.8825140933709], "Trim59": [937.12724559325238, 896.76622920146735], "Dnajc10": [965.19508438947798, 653.01952480421278], "Cited2": [609.42116742275948, 184.46612853383616], "Cytip": [634.77454771099281, 156.59630298489233], "Abcc3": [903.22377227589482, 874.64165271124421], "Sat1": [496.7459210373712, 68.262712212314227], "Gm15663": [828.96673298938879, 648.90162809686603], "Ptk2": [85.511219303896837, 565.27916585928347], "Slc11a2": [709.77708804930865, 964.7314857127991], "Zbtb16": [868.67033358240644, 976.05320882098727], "Msi2": [38.483979927749374, 625.8908516142892], "Edil3": [317.68246186953343, 718.93427097112294], "Fam195a": [893.95787096456979, 692.8244374491253], "Scp2": [520.19788659770484, 15.394818585918472], "Rell1": [80.433574994164417, 532.25222578695707], "Cd2ap": [232.5396553525685, 641.93930424495466], "Frmd4a": [632.92218633044604, 47.549697952721147], "Sfmbt2": [486.44115385684671, 6.9557978409090424], "Atxn7": [580.86654144901104, 161.24643186382158], "Mapk8": [104.67645905131553, 629.76281629048128], "Dhx37": [316.43830750133714, 557.19101838157496], "Arhgef11": [965.81021236299864, 824.05102687948852], "Ifih1": [680.20195063110361, 162.2666158818395], "Arhgef28": [996.96516616116094, 807.71706603239045], "Cyp2j9": [356.00223219036002, 620.22755271092774], "Eml6": [367.97640513393134, 742.14756103766422], "Snx18": [301.24827927382262, 505.38193241200622], "Stat5b": [160.23439298832261, 596.24310515394791], "Rcor1": [688.8854962241553, 850.027070956432], "Evi5": [304.56282649094692, 832.50528110071559], "Rpgrip1l": [672.59305809424234, 905.16346796257449], "Ptprm": [145.13338943600684, 524.727029483038], "Dlc1": [279.06835892062247, 592.96704795289008], "Ly86": [745.04142207920825, 837.74547932667178], "Edaradd": [988.37447565182197, 744.55673985394071], "Tbck": [414.23015411160327, 37.202888508121248], "Etnk1": [323.5169500484817, 801.3275782325793], "Ccdc162": [926.18963932040765, 665.51786725683769], "Slc41a3": [198.36846220308735, 492.79729469463302], "Crb2": [492.78692659927356, 720.018506211464], "Npnt": [104.8247509172125, 833.43592316421666], "Ppard": [651.00258434576131, 738.45653772789842], "Fam110b": [945.61304997993591, 753.45789301554373], "Ddx60": [338.8463861864235, 583.92697101913143], "Gbp10": [672.12747805879576, 100.75417123065054], "Rps6ka3": [112.87509843001601, 516.62230615686667], "C2cd4d": [1000.0, 768.79258330785751], "Kcnmb4": [840.1539459971217, 843.63302560681313], "Fam222a": [569.05521147513537, 19.650728177466078], "Daam1": [915.772961276464, 611.55085028437452], "Zfp414": [145.13323661524873, 859.09914605149538], "Cnksr3": [293.05639642937228, 613.9618010329209], "Mbd5": [704.04989119755385, 777.05254781878057], "Gm766": [186.73014904757247, 841.62505268287305], "Pde5a": [436.87413998091705, 211.02198158478188], "Mbd2": [649.24638830482536, 216.27547894376386], "Cnot4": [324.66207454463762, 639.97310008274985], "Fam189a1": [256.03786180809163, 874.67779028208702], "Il2ra": [917.05208355290506, 803.23889984154266], "Cpm": [884.7446922271788, 596.42224050072696], "Nfe2l3": [55.441587922543079, 819.34899411977244], "Wls": [429.19949856773752, 77.014860102808825], "Kcnk1": [123.80038708962871, 784.40954657848147], "Med12l": [715.1581835946206, 743.39733686183649], "Rprd1b": [414.16016042060153, 145.49946357065636], "Nrde2": [768.81919512434797, 689.72833875549304], "Stxbp4": [747.39495196676035, 912.49242389397159], "Sh3pxd2b": [683.81721567301315, 937.21232326875884], "Tmed8": [141.7553119533348, 663.9448383225531], "Ankrd12": [550.69154365336249, 80.655156039232622], "Ldhb": [69.706623904372407, 683.51922834060315], "Pdcd1": [470.33058421764196, 226.35291463988062], "Rasgrp1": [86.925644447217508, 499.95402576525316], "Dexi": [942.5473988058111, 629.67146044112064], "Phf21a": [13.435032787017235, 745.08851995084342], "Xkrx": [928.98382967531006, 940.46315639760553], "Xlr4a": [898.97575649219493, 960.2850995477321], "Inhba": [884.5497461492505, 827.36083392332137], "Pde7b": [54.579622000121901, 773.45484517147065], "Frmd6": [655.74421411355274, 73.019929492819983], "Ikzf2": [231.25992501126927, 778.58447162673133], "Dbt": [631.36505184039197, 120.1863732700966], "Il23r": [896.26812642104937, 769.0973715823892], "Sel1l3": [225.57220933837021, 464.98562004853204], "Il17f": [866.61595658525232, 737.71547468159747], "Chst15": [846.77232123016427, 589.48397307802588], "Srgap2": [273.18129983081246, 500.75662471704993], "Pik3c2b": [2.4703144211679273, 704.98942638390042], "Arhgap32": [991.73405113480294, 845.01649324782807], "Gpr157": [811.04664856752856, 675.73483497818052], "Fam129a": [283.27865545592351, 857.22741175369788], "Tmtc2": [828.71859610870774, 907.67979787105071], "Ece1": [999.82414790555265, 712.46885933324347], "Lonrf3": [789.79900689283227, 844.3482222189898], "Pex13": [773.23956885435541, 649.52573409519096], "Pla2g4a": [735.79708843357866, 640.83432784798174], "Strbp": [715.66688979277751, 891.75278245967183], "Tns3": [903.50995461152911, 909.53735641417063], "C2": [259.53835511929606, 697.29013654979281], "Fam83a": [225.13913621226777, 887.87073029904764], "Sema6a": [326.71220600614907, 398.98612913369959], "Rnf145": [667.14593358937987, 873.60736618803787], "M6pr": [668.99235680260995, 191.6529951491116], "Il7r": [209.15997708546007, 734.98780674914383], "Nfatc2": [30.405052545768797, 785.81935703943145], "Arsg": [292.89815191308031, 775.97458589559437], "Slc9a2": [747.40943489987751, 952.27349711663658], "Rnf13": [55.752842047574688, 531.11224275135623], "Wwtr1": [958.30797649173996, 914.55740999228783], "Gldc": [191.94475066185635, 886.89103629862268], "Ppm1k": [42.385957917918233, 566.61383984869997], "Pola1": [694.90275254165249, 704.30193845105134], "Rora": [200.60957525663849, 676.081442083007], "Npas2": [784.3942022543697, 740.06659926770271], "Ccr1": [898.43521678124966, 643.98800133094051], "Zfp92": [778.76246077878272, 975.24807466898483], "S100a4": [460.25874881107757, 148.84392343479425], "S100a6": [469.0966751675694, 106.57204392620642], "Iltifb": [184.39610334544238, 765.92053052468259], "Mtap7d3": [746.33036379509781, 726.62951160441071], "Arntl": [273.02758365616523, 806.81217942651585], "Phactr2": [404.15866991209663, 194.77318078005177], "Ahcyl2": [217.02601802222966, 855.22674257622248], "Clcn3": [241.47469352281615, 584.30968139247148], "St6galnac3": [208.09133778737828, 548.06392122599266], "Tec": [768.30082408460999, 888.2859219909775], "St8sia1": [717.46264526108234, 928.0953614973206], "Ercc6l2": [365.5972031735497, 775.86153847165951], "Cntn1": [379.00568696353389, 704.80228544846796], "Capn3": [948.11174236628858, 692.43115956007739], "Cul2": [386.01656464864573, 667.94783945950917], "Ptpn4": [127.6988901106958, 557.30448016844821], "Hadh": [835.99549613445879, 707.68461722411689],