{"Cdh10": [84.401738710654797, 401.20348883214211], "Strn4": [848.70713320713912, 805.93777662325306], "Pcmtd1": [711.84755791967928, 991.07553421176408], "Ncoa7": [735.49678307241106, 11.073799920450142], "Glb1": [814.6144980531426, 981.34580017814142], "Nf1": [778.00715551143026, 33.891564909331748], "Fam101b": [925.31032965334293, 830.13324075316223], "Slc6a13": [786.7562453334574, 362.7554673784955], "Nr1d1": [186.40359129265579, 432.05551288319379], "Nr1d2": [773.63463255076203, 844.1876309183574], "Nek10": [768.1136573437343, 7.4583442696397242], "Cnot6": [662.5635837231539, 242.73407086243171], "Adrbk2": [310.35680677154585, 514.84550528908278], "Tnfaip8": [275.69171487104654, 546.11330594208198], "Ppp1r3f": [618.21615053937091, 858.63852389538852], "Anxa5": [261.42196541267987, 505.88779375708077], "Bik": [59.413093110875081, 506.74714160311726], "Ppfia1": [846.41033884863054, 307.58964008555012], "Aldh1l1": [914.23233822330894, 96.202302548576455], "Vav2": [892.75885817626795, 760.1052457005286], "Pigl": [212.27543460597434, 259.20071100991413], "Dkk3": [676.77697740929125, 50.269373925370587], "Dym": [9.6737299293729961, 366.14490269100241], "Trim59": [219.83796449220029, 608.99121150763631], "Dnajc10": [30.627496308175523, 344.55369036171544], "Cited2": [792.56532863131963, 936.70026250968021], "Cytip": [835.92902581543035, 919.44476401514362], "Abcc3": [323.3812537164639, 544.96486693135012], "Sat1": [716.29942892924441, 883.93291899972814], "Gm15663": [123.41181333566198, 274.16487950852951], "Ptk2": [737.67477459892473, 252.85791569768355], "Slc11a2": [66.905219288481874, 535.61041074899083], "Zbtb16": [101.88566759743594, 598.43733255064865], "Msi2": [734.35955144406489, 40.299664130393182], "Edil3": [609.54923725384367, 144.30768076490264], "Fam195a": [117.19200999830753, 350.39305134589881], "Scp2": [788.02959079099514, 883.75529594288628], "Rell1": [701.36817629325139, 160.82042477942448], "Cd2ap": [857.71028732331865, 62.192205229399519], "Frmd4a": [897.19859184163374, 923.56317273148647], "Sfmbt2": [831.20068462085283, 846.21937811946736], "Atxn7": [751.03434171495383, 905.89288142192572], "Mapk8": [759.88591808853334, 87.298623604428343], "Dhx37": [663.10474327762756, 83.36400188064195], "Arhgef11": [164.04131792092068, 507.80305966268634], "Ifih1": [783.91992005713996, 992.54165573036016], "Arhgef28": [115.7022210440785, 512.26925462731322], "Cyp2j9": [627.38263117618544, 180.62694774512332], "Eml6": [589.93579495219876, 208.4863390266967], "Snx18": [818.79034730008766, 424.52840239301582], "Stat5b": [936.10561886692244, 326.0644416379422], "Rcor1": [197.21854940227456, 377.38666962804223], "Evi5": [697.41081846814745, 333.71380619985968], "Rpgrip1l": [114.72165197159967, 449.79810563311963], "Ptprm": [661.07550470628371, 155.32321795869575], "Dlc1": [646.61521991942152, 55.946920936057722], "Ly86": [308.51682713185937, 401.38708578037398], "Edaradd": [8.7479298331501241, 427.83101825293744], "Tbck": [886.63601961650011, 802.61832634029702], "Etnk1": [666.99984263745432, 303.95704432741388], "Ccdc162": [35.835799495294793, 463.55592655311125], "Slc41a3": [755.78082144134441, 376.07770150926626], "Crb2": [505.92263728519038, 321.62788194746548], "Npnt": [907.3811652632769, 54.139667922311787], "Ppard": [338.18606295424763, 328.41337761839844], "Fam110b": [37.655511672488387, 402.43658369670362], "Ddx60": [637.19494962740782, 123.67701005016028], "Gbp10": [845.20025210330118, 968.08553403096016], "Rps6ka3": [711.30136523538829, 299.09419074875484], "C2cd4d": [25.564852653024445, 527.47774340202227], "Kcnmb4": [255.41996270884863, 317.81175121648619], "Fam222a": [931.48903992487385, 862.42350783665438], "Daam1": [51.470134984672143, 287.67871294868212], "Zfp414": [863.49061360909445, 141.1828622619598], "Cnksr3": [750.30088484774933, 144.90965882380496], "Mbd5": [339.90964297207665, 477.88276221019748], "Gm766": [934.43712028847335, 360.93433249459576], "Pde5a": [651.56317222226903, 907.3999780674194], "Mbd2": [730.02195752833336, 954.31391794799742], "Cnot4": [718.34677304325771, 192.67760748002203], "Fam189a1": [809.94742216809504, 335.11411375225617], "Il2ra": [168.21839964869127, 304.6908282657476], "Cpm": [89.294317373721697, 251.66711339265089], "Nfe2l3": [869.97732802631822, 27.825740465242916], "Wls": [819.19268486672468, 751.48379693993002], "Kcnk1": [1000.0, 243.21883935527367], "Med12l": [304.46263908353632, 474.38571387548149], "Rprd1b": [658.14191710932118, 798.1684008852983], "Nrde2": [231.42644497177739, 351.42534200316186], "Stxbp4": [194.10117752532591, 563.86758013565509], "Sh3pxd2b": [87.229024717228867, 486.30536342774076], "Tmed8": [922.45119763448201, 279.64981891564452], "Ankrd12": [711.55909719170563, 778.88359837778967], "Ldhb": [880.56576036686943, 166.30969128010332], "Pdcd1": [685.58320081107468, 954.43793154490731], "Rasgrp1": [710.08240113771706, 111.43154833256298], "Dexi": [32.895952507613742, 315.00821850474989], "Phf21a": [967.42390208215011, 238.57306789874201], "Xkrx": [162.9115117409373, 642.0033625379051], "Xlr4a": [127.09935059344309, 633.62708335863294], "Inhba": [202.18352730330983, 314.99151509056549], "Pde7b": [976.59117555813577, 184.06362255840688], "Frmd6": [873.64813642852266, 948.70489927985068], "Ikzf2": [884.76036895847119, 286.12306886099435], "Dbt": [866.91813914319914, 887.97034450486899], "Il23r": [170.74442175516509, 266.92897402461648], "Sel1l3": [743.93695758855938, 416.34645194956278], "Il17f": [183.37481204752066, 232.62600916772277], "Chst15": [76.49469651124565, 274.16538738091668], "Srgap2": [854.09864396839907, 422.25711716236043], "Pik3c2b": [975.8044195860507, 294.70434700044586], "Arhgap32": [212.62569555866935, 506.90907391743792], "Gpr157": [132.14488891437409, 244.18024373817923], "Fam129a": [751.57025492797072, 328.63351804555907], "Tmtc2": [309.9277633504098, 576.44860085196376], "Ece1": [0.0, 397.95796733516147], "Lonrf3": [289.57874177576184, 348.63736392682733], "Pex13": [228.56985588447506, 292.59039922589636], "Pla2g4a": [230.88234005286546, 236.10649001239386], "Strbp": [153.60674852642606, 554.71349849165176], "Tns3": [234.20295213306073, 555.93248066426349], "C2": [806.66759793364679, 52.328767041900562], "Fam83a": [856.20543189199134, 364.96287762630413], "Sema6a": [774.42035657179918, 528.66596987941284], "Rnf145": [142.51491380975602, 402.89096794833358], "M6pr": [752.76578122548108, 986.77295766888869], "Il7r": [876.3330749700151, 230.72179305396043], "Nfatc2": [814.09311589201343, 11.311611194709087], "Arsg": [835.02337992155844, 69.747398184749784], "Slc9a2": [74.306310429810196, 571.15396639551545], "Rnf13": [701.16674082607028, 236.80268553709786], "Wwtr1": [201.27691941066479, 644.56915883708427], "Gldc": [911.05967214106067, 384.47695661321774], "Ppm1k": [791.32892921839812, 285.10912041956948], "Pola1": [289.41748395803535, 294.42402256320844], "Rora": [788.44470750781215, 220.11953662177103], "Npas2": [236.40826351167613, 415.49520097989063], "Ccr1": [62.331721853297211, 438.77338135091338], "Zfp92": [161.39139604749425, 598.44921952743414], "S100a4": [696.10785378776086, 823.10384502830698], "S100a6": [672.16761301909867, 860.05517974691998], "Iltifb": [932.00318087564096, 244.90365452610359], "Mtap7d3": [269.9673044200826, 451.90248226787747], "Arntl": [880.78165133352059, 85.967772280070363], "Phactr2": [616.41902558018808, 892.79302378008856], "Ahcyl2": [935.81230688877667, 130.33518266403675], "Clcn3": [781.3762768952538, 111.49976162454161], "St6galnac3": [888.57066415521513, 374.44319152595472], "Tec": [241.29229738424047, 586.77914152202686], "St8sia1": [112.89343277147486, 556.13983370298797], "Ercc6l2": [612.9068040020635, 274.11736971695973], "Cntn1": [624.40863571834279, 299.02977234696476], "Capn3": [3.2012427890678055, 467.64729623169222], "Cul2": [602.95494893231512, 242.40267248785165], "Ptpn4": [679.05424298633079, 202.91524112619595], "Hadh": [153.86624641233755, 224.70772972075855],