{"2410016O06Rik": [193.59461145193575, 976.35184298133413], "Poldip3": [764.62018695088591, 496.35074370406835], "Hif1an": [116.94253483327157, 568.75017901111516], "Zfp574": [727.21403353625431, 295.63069865972864], "Fbrsl1": [1000.0, 241.18673239449811], "Usp42": [530.86904345985567, 245.25507343578329], "Syvn1": [420.17333052685598, 584.52300147951894], "Zfp341": [423.25221728765177, 891.17360642198469], "Fasn": [807.14794466513467, 77.856675338288142], "Mief1": [989.29238439444043, 478.06722609789267], "Plagl2": [216.87352554848871, 745.12214605447423], "Fscn2": [-1.1368683772161603e-13, 782.45610599321435], "2510039O18Rik": [572.96016120524473, 23.648157018666097]}