{"2410016O06Rik": [0.0, 314.3846371779041], "Poldip3": [706.74236656634162, 905.78995430664486], "Hif1an": [344.88743171776514, 147.03788869268496], "Zfp574": [737.92983707959411, 621.46554648281074], "Fbrsl1": [999.99999999999977, 584.11984120517218], "Usp42": [555.660240261372, 770.4942378912375], "Syvn1": [400.71456694014546, 421.62788625526002], "Zfp341": [129.45149916387874, 499.79262766503018], "Fasn": [865.69746073301451, 429.94149625928344], "Mief1": [911.52904289367439, 803.18770619535894], "Plagl2": [210.59289357755091, 279.17482582172545], "Fscn2": [127.03870298707602, 94.210045693355028], "2510039O18Rik": [656.55926058814021, 496.78120263206455]}