{"Nfat5": [208.61285776787284, 227.94970192206952], "Ncoa5": [244.00100192177399, 372.97741490515534], "Polr1b": [184.9310228320505, 74.206092779093595], "Fbxo28": [927.90598817353316, 845.40479309725674], "Cage1": [43.418744754269483, 270.60243724700138], "Cinp": [88.340682405879221, 463.76475975142847], "Zfp574": [768.96093150904198, 699.0227336532962], "Rnf185": [549.00783407592996, 840.04430257682998], "Hif1an": [251.03201080166096, 476.90787159385104], "Psd": [274.05598042763955, 56.818674784951668], "Usp42": [734.39399890182221, 506.85071170107994], "G6pdx": [977.55785654806732, 772.0490555770823], "Fam109a": [727.51076892356434, 905.75607500347769], "Pigt": [105.00618839252343, 109.73304161677127], "Cactin": [810.08783548874658, 931.17361359511665], "Lrrc59": [927.69323265775267, 533.33720326702974], "Cnppd1": [684.19410937358714, 887.88833517614398], "Rgs9": [312.31892080738618, 93.293709815358], "Midn": [770.50747161611366, 446.53459986016026], "Tm2d2": [611.04368268385576, 687.61531372517175], "Ulk1": [769.28394323611462, 552.40660562100766], "Gzma": [206.04000389362335, 505.05593005189087], "Erf": [662.64276477904241, 929.01579803955087], "Snhg3": [299.6936571707339, 408.15380160509642], "Ttyh3": [811.97422374118401, 750.59936796858938], "Dhx32": [20.504624216094044, 363.95283466340328], "Gpr146": [976.09989257892619, 662.43958035969399], "Zdhhc7": [619.19126704291079, 580.14615121741213], "Vps18": [688.64496430275744, 536.14284232120553], "Cpt2": [658.93218241295904, 829.2175086544878], "Naga": [867.35130327695549, 540.01906005443539], "Sipa1l1": [344.4035470279004, 301.40808204555452], "Mul1": [838.25700482681145, 482.67054830337406], "4930590J08Rik": [147.06935388328341, 81.201827617899966], "Llgl1": [966.12706321485496, 538.2493687281185], "Poldip3": [643.93567728581729, 871.92355841823269], "Atp1a3": [912.72877642988692, 799.90211718202295], "Neto2": [253.24703074580916, 305.72754385469864], "Mat2a": [192.07311877366982, 385.96266185541253], "Maml1": [870.46788460904793, 489.42904318016298], "Ip6k1": [962.55171925890647, 606.19435482053836], "Usp6nl": [695.29783538369384, 490.10362099417745], "Gm9895": [156.91912878217511, 513.04974577506482], "Ccl3": [24.793114626190004, 325.85769783877959], "2410016O06Rik": [227.62663220311907, 143.46432841036329], "AI837181": [758.58590977601966, 595.2439129218626], "Clasp1": [48.994825931440857, 473.89952255481404], "Tnrc18": [660.56647673464909, 741.69172446940433], "2310022B05Rik": [649.62507829685251, 635.69348631563184], "Plagl2": [209.51763937507943, 279.73828793516662], "Gatsl2": [72.898896822841948, 431.76616572902492], "Mief1": [775.47915019529694, 483.71322861556655], "Ficd": [961.06848060159405, 812.42275813913739], "Zmiz2": [263.07160687021553, 118.74384392584096], "Sorbs3": [534.16952300766548, 734.91853458089872], "2510039O18Rik": [696.1175277369897, 611.15167344535075], "Samd4": [334.60468530806872, 192.3937024214608], "Abca7": [145.51060191636836, 119.18923097281265], "Gadd45a": [989.59323137593356, 731.72998487232962], "Mnt": [810.6633836289293, 515.78350862055959], "Nol10": [145.54666910047919, 220.04136689219015], "Ubqln2": [832.36876496940567, 682.27104266194442], "Med18": [822.80969222145336, 445.55232543648196], "Sbno2": [288.81584993092326, 235.0405032078877], "Zfp738": [368.10056196571577, 154.68954263604812], "C430049B03Rik": [857.1021192048853, 911.83292807444263], "Pdcd7": [890.86915080729409, 721.08584972985864], "Arpc1a": [909.46442191505196, 673.80385477819345], "Notch1": [94.140304552769891, 230.71631776467905], "Insr": [1000.0, 628.56707588326208], "Fasn": [825.52360251285222, 874.0797141304356], "Ksr1": [139.86800047181697, 430.12071741612732], "Aplp2": [0.0, 271.60737492426352], "Btbd11": [898.1427803565042, 876.50300155716855], "Fscn2": [10.014728370526882, 395.71591631005322], "Ctdsp2": [614.54022716313852, 802.41705168762473], "Ago2": [38.899400259426272, 178.30014088960635], "Lrrc8a": [927.80366058027437, 493.48415305231219], "Svep1": [566.03382161758805, 665.12928062488322], "4930447N08Rik": [183.15708263453055, 136.77626113941727], "Syvn1": [471.88598628909688, 470.92931805674829], "Tmem201": [396.79627486095836, 357.85449885447065], "Cfl2": [65.319740976127093, 383.79392721688339], "Rfxap": [578.57693312415802, 878.56586094207228], "Abcc1": [95.68727870474865, 149.13322198405504], "Mad2l1bp": [896.32539988749238, 463.07824757673387], "Pcnxl2": [911.60987793435413, 635.53974029946676], "Wdr46": [414.95901298080668, 147.00378281210178], "Ankrd13a": [847.63560508826299, 609.51417827443856], "Zhx2": [300.81295393212599, 153.53175486514465], "Slc39a4": [320.11572691692993, 352.91918933059378], "Clcn1": [709.30821405003189, 941.21239934050232], "Txndc11": [417.7533701543266, 191.79901713673405], "Senp1": [346.39504886040538, 249.12996007364546], "Spata2": [560.83175453478248, 708.20274499386528], "Fam53c": [776.72132857836857, 890.80796406652235], "Egln2": [616.22900371050901, 908.59523592929554], "Lnx2": [146.06128477989267, 345.97450534579104], "Triobp": [697.75430688075278, 776.71680704037021], "Uck1": [790.79911616195989, 629.63653504534318], "Il13": [220.88719433582187, 449.57174438491165], "Fbrsl1": [869.61902373412249, 848.03136414847677], "Il6": [173.31528823965851, 461.72466572329307], "Zfp516": [600.56746164901051, 620.49662830413081], "Irgq": [983.69469245637583, 573.68023670227853], "Nup50": [902.94122731372056, 580.06719430902399], "Ddx3y": [25.187298492919695, 429.26911048208825], "Pnpla2": [719.53791353189854, 849.09990059703568], "Cdc34": [761.30863002609203, 943.18132521504845], "Slc30a1": [533.9234365947226, 774.71485617630697], "Pcf11": [82.187642888625021, 180.97913764871359], "Ankrd52": [17.401475735009512, 224.07624371230898], "Ccdc137": [69.727079472477612, 306.32379023996583], "Trp53": [753.81502325933695, 783.02798510284856], "Ptgir": [325.666823519677, 60.737146168210714], "Zbtb39": [647.81089575444594, 545.993066528329], "Tmem131": [612.25398118901398, 737.25814640543149], "Atg9a": [933.38496464205218, 738.41477568670575], "Samd4b": [560.81921733042282, 799.58562901974051], "Rnmt": [338.6929715631959, 127.01169164573568], "Larp1": [117.22437162678474, 380.18096647933163], "Trio": [411.53447741730565, 234.13184252359099], "Tmem63b": [401.85907702525219, 284.97683029014968], "Cyb5r3": [601.84307248978132, 848.094849447348], "Zfp341": [387.01793057135978, 108.67773745033094], "Snora65": [354.0641561805524, 418.01056506589504], "Pprc1": [230.03530294281771, 62.291962480731357], "Plekhm1": [788.91307036953663, 832.14298569551192], "Gcc1": [999.40820907735906, 693.08501407962672], "Phc2": [853.31796350608693, 790.45246242156259], "Gm16907": [114.15501501010093, 495.53919228153359]}