{"Iars2": [0.0, 582.61634327429965], "Cul7": [958.76235873251858, 58.441624209846196], "Ext2": [69.491562031918079, 827.88510744864664], "Trerf1": [356.32813268805273, 656.35873639170518], "Ppt1": [530.48225464676557, 979.59891270097546], "Zfp536": [521.91698671474728, 281.71001935482929], "Eya2": [672.65150222989416, 7.8722565882405888], "Cul9": [280.01296817906223, 992.12774341175941], "Scmh1": [777.01262369598953, 189.82096553014412], "Mvb12b": [473.27621660251066, 761.40438884784066], "Zmiz2": [712.89692183449097, 460.86651783836089], "BC049715": [1000.0, 337.71326638385574], "Jak3": [197.85254284106782, 506.06557489953741]}