{"Iars2": [440.66207680102372, 1000.0], "Cul7": [933.68439044861054, 39.752249005378076], "Ext2": [192.92519523833585, 945.53420724130751], "Trerf1": [345.07452389385219, 648.34448381327547], "Ppt1": [14.543909912495963, 493.93959510677058], "Zfp536": [713.20731735524112, 474.06046280380292], "Eya2": [985.45609008750398, 323.24009487730973], "Cul9": [18.183490082331843, 744.9432725104499], "Scmh1": [802.36555150556796, 220.22939838445279], "Mvb12b": [235.47750134450413, 529.78849073858635], "Zmiz2": [531.51412743775802, 286.56958786314033], "BC049715": [653.71226756678072, 5.6843418860808015e-14], "Jak3": [498.01536249713183, 796.2115539295288]}