{"Ccdc101": [149.30029537675665, 501.94872332277691], "Ngfrap1": [866.15853555003673, 464.62579784194634], "Invs": [849.76942392110959, 503.61032821156471], "Emid1": [750.88932927823021, 96.251706119685082], "Shank2": [667.05241537616359, 512.57390793634306], "Znf512b": [509.58526511076872, 205.28120077346432], "Itgb7": [896.44384120887457, 540.97111353815239], "AI504432": [654.26738258284138, 246.89478790366252], "Cited2": [135.0601350784691, 563.237753999235], "D630039A03Rik": [22.78588195364091, 606.96359816517474], "Sh3tc1": [718.79316803441077, 547.70929666710799], "Wdr86": [570.71162077413044, 336.6924831157732], "Pcbp3": [219.88590566873177, 926.89569119303633], "Ldoc1l": [973.73081980540655, 370.51798593482175], "Plcb2": [717.37871648846419, 382.78484551866035], "Impdh1": [842.98190308316111, 413.20143946525587], "Zfp41": [553.95905472467007, 278.33791236457046], "Stt3b": [360.13025591930631, 886.62355023729833], "A930005H10Rik": [589.49109095657013, 231.45797644245084], "Ccnb2": [853.50516612616423, 118.31452077710679], "Ext2": [832.72577956327041, 82.947723697021502], "Idh2": [715.45900386994504, 289.05912835594171], "Fam35a": [13.864778484094415, 775.40744820258726], "Tlr11": [404.29075677290427, 887.88135449944878], "Plekha7": [257.46155371211427, 946.67799569028125], "Ccdc11": [194.97496517938947, 520.95554749242024], "1110028F11Rik": [529.82429354594376, 153.43823261356829], "Gbp10": [41.235862456557243, 816.17046935143958], "Zfp317": [607.50125441223429, 313.40940311444626], "H2-Ke6": [707.83336470690915, 141.48182667588424], "Ehbp1": [88.162434608564809, 667.63144751672758], "Pglyrp2": [760.30127272364189, 432.94447373034103], "Ppp1r9b": [299.77735956042665, 898.97147879899057], "Cklf": [634.05025982444999, 65.56617547811004], "Hvcn1": [624.85578881785591, 180.51645451967124], "Fgd2": [892.67546955100215, 116.42821559476096], "1700009P17Rik": [555.51236230057373, 191.07183465128813], "Lag3": [976.61853219765658, 438.51311093025157], "Abca2": [754.19730734109521, 219.39223558954603], "Zmiz2": [465.12786977256013, 548.11949903957395], "Arhgef1": [991.98684170353545, 279.7500624513799], "Hmgn2": [642.27089719337289, 133.04320337529379], "Rasgrp4": [750.83176188258858, 516.6733442293654], "Ppt1": [708.26655403567997, 477.7086339736212], "Slc25a23": [628.34034189569525, 466.42888320260056], "Mob3a": [923.48279872411672, 339.45419185460889], "BC049715": [176.09683454204463, 564.20049740134448], "Nup210": [806.02162779996274, 468.09458174932473], "Card11": [108.27523605330975, 523.61198929589477], "Eya2": [17.484400415105426, 729.53783064278241], "Iars2": [683.65355984829762, 210.28550960963312], "Adam8": [958.97560910703146, 188.29873524652953], "Arhgap30": [981.35917281817399, 233.16949972729896], "Tpk1": [409.39626507495655, 843.85927153814714], "Abcb9": [837.49550164606114, 226.26097096516995], "P2rx4": [181.16825199884039, 947.56049725153605], "Olfr920": [170.43559331065865, 897.85152055055312], "Olfr1256": [120.29478809750884, 912.98108020069071], "Ephx2": [137.71740696117473, 705.38952097031768], "Gfod1": [832.35897304962964, 157.59514739279621], "Zfp536": [395.08207236275734, 668.0937115587277], "Gpr137": [121.3381888032194, 854.14444040546755], "Uros": [564.38518273992554, 386.96527286195607], "Specc1l": [355.75307838445735, 933.26388329460337], "6430531B16Rik": [274.56005520200449, 797.47720447047618], "Sh3bp1": [311.75901316473124, 948.8769019328613], "Trerf1": [757.22815217363802, 307.21753420518615], "Mtr": [77.892729815360951, 878.6590637927377], "H2-DMa": [772.3198090310143, 149.59166807373867], "1110051M20Rik": [351.0891087826368, 621.28655224789304], "Rpl3": [790.56738943493247, 539.2299237105052], "Wdfy4": [526.23486653146483, 335.46032847703009], "Ggt5": [91.649700544630889, 798.86212875117258], "9630028B13Rik": [262.01492982380893, 646.6208452660801], "4921513I03Rik": [344.01183684731876, 772.3708678298176], "Erlin1": [76.565361626937772, 729.6764215379178], "1700008J07Rik": [337.70296224271385, 700.10313093796481], "Colq": [117.83126630394736, 612.47952907229364], "Cul9": [599.75285138269442, 92.007667921903646], "Scmh1": [210.14667955935982, 737.73199868522943], "Cul7": [40.810599397636224, 559.58279727255524], "Casp7": [897.60568610236965, 170.40340914733895], "Lclat1": [1000.0, 400.44462311734884], "A530099J19Rik": [261.28788079204173, 583.86587392174692], "Cdca2": [795.05001155168293, 72.675965297577079], "Acat1": [912.41448992195103, 210.72483303767345], "Nfam1": [909.95554830278547, 440.81274703021751], "Pnpo": [676.86852627127519, 426.29449977119515], "Dusp1": [0.0, 650.14278513180579], "Tmem230": [605.62014048735102, 416.60899231428721], "Rltpr": [781.98633001150779, 573.13470401363134], "Map4k1": [985.68811214144148, 331.0302691730983], "Zfp358": [411.28490843157516, 799.61268985155152], "E2f1": [676.3803279563333, 95.380207751554394], "Klhl17": [955.56617569870855, 475.89676722486354], "4931406H21Rik": [324.79783138264634, 826.66435512061707], "Ppp1r12b": [253.88668638097562, 882.93111646584657], "Atxn10": [940.53675113694112, 283.72362929343785], "Cep164": [742.95579465223204, 51.123098067138756], "Irf2bp2": [853.18041692167537, 556.07083865169864], "Gm10390": [151.31889809473228, 814.14277592668088], "Il27ra": [809.65849478666314, 346.10830540084402], "Cep41": [689.57943690497314, 52.108631492762981], "Zfp831": [511.15627857099253, 255.23150529103427], "8430427H17Rik": [273.23022575041614, 719.62240571033442], "B4galnt1": [213.23571885444539, 596.69935801373936], "Zfp467": [400.11350673844527, 745.70740198794147], "Birc2": [898.74442362955392, 253.28070182341366], "Ebi3": [34.285882692060738, 674.71270312128263], "Hrh4": [587.20025132182593, 140.12087635669667], "Csmd1": [75.843285129103663, 583.5378004051986], "Jak3": [929.37225277465325, 510.87185082329904], "Mvb12b": [911.75253939067488, 388.12039985000553]}