{"Lrif1": [629.41392819034661, 999.99999999999989], "Proz": [273.97375705486132, 200.54884093447021], "Haus3": [830.38565491790041, 137.78584501027984], "Zfp654": [748.45568517938216, 191.87947993674305], "Zfp758": [55.832504790018788, 337.15894370138324], "Ppig": [384.73651119974738, 327.01045026616976], "Ddx43": [937.64896385949555, 750.77101049721716], "Sp3": [962.04417457117506, 120.30313363449113], "Zfp120": [261.53365691316401, 430.54036810204025], "Smc6": [843.14914873976272, 0.0], "Zfp51": [723.10469084312024, 804.09697200804794], "Cd226": [941.55683224135441, 254.75533434555305], "1110037F02Rik": [37.955825428825051, 478.5547668126959], "Gcc2": [341.38410569219997, 567.00946949898639], "2810474O19Rik": [88.270771474413323, 607.89389783657793], "Tpr": [138.85347426144551, 222.97094423761811], "Kdm1b": [616.05723507408254, 867.16905694861623], "Stag2": [783.63699232361375, 992.86709748076407], "Ifi203": [487.39397665962406, 389.55478539020027], "Rasa1": [708.11115143329812, 13.07035506252646], "Xiap": [910.23019004715957, 894.82716298552896], "Luzp1": [510.85843486273683, 547.62226029882208], "Dock11": [794.78364551509105, 734.59901985767351], "Cwf19l2": [210.53287024151859, 661.52916549713973]}