{"Lrif1": [259.35185982417323, 860.9973753060433], "Proz": [54.16180845390204, 328.48107656637308], "Haus3": [849.30042723543397, 429.11558832676519], "Zfp654": [758.07335660392505, 419.75208945529391], "Zfp758": [93.306685746636163, 93.505510999875014], "Ppig": [167.99630361725229, 403.09307608690733], "Ddx43": [280.53766931023603, 1000.0000000000002], "Sp3": [930.00476234434132, 556.93880207851066], "Zfp120": [272.39355490409815, 224.97408053509034], "Smc6": [966.62142177263308, 399.8659866958381], "Zfp51": [305.17967334407484, 792.50806982752533], "Cd226": [811.77706606868355, 594.1377829323543], "1110037F02Rik": [199.86547234488825, 19.080309999959695], "Gcc2": [473.08428653654784, 182.06663361265751], "2810474O19Rik": [327.52031508816782, 0.0], "Tpr": [33.378578227367029, 205.74004032454687], "Kdm1b": [461.87944730906059, 842.82696230353417], "Stag2": [109.07696681086628, 794.92844090524432], "Ifi203": [464.81565092443958, 337.71215301339197], "Rasa1": [881.10544437534782, 280.44572369230019], "Xiap": [132.91119204857705, 924.56342581735771], "Luzp1": [311.52174605136935, 490.35008965687678], "Dock11": [410.89456638403163, 937.78463550735023], "Cwf19l2": [441.1062484359291, 54.48057663825557]}