{"Usp8": [110.99592041898717, 255.12368699268742], "Rbbp9": [668.60139358056858, 902.34158596776979], "Zfp677": [750.29015415178924, 989.05677731069522], "Tktl1": [585.44640196293415, 142.18266243138788], "Chm": [208.62100117766227, 183.79164820350786], "Dopey2": [906.9832932266263, 271.10005181692645], "Oxr1": [192.30586123113852, 385.90163328379339], "Gskip": [323.73916273552265, 221.8078811404493], "Kpna3": [342.85227292337589, 327.30132668420049], "Rcbtb2": [628.96773843234132, 915.89708566165541], "Gm12216": [705.11033876843237, 690.81059063956332], "Cd38": [813.53999538698395, 936.8029447263865], "Zfp287": [698.63874327191752, 979.34702905688596], "Rmdn2": [597.45628572813314, 886.08207571900664], "Mier1": [769.88902407992634, 220.80879033113399], "Ddx43": [228.81644966619859, 145.0962735543248], "Rufy2": [623.89715910871382, 216.66716950345435], "Zfp120": [677.18316105329779, 823.84832920520262], "Zfp51": [227.76564497819192, 311.92805479436379], "Sept7": [563.61075397810635, 938.89527155688563], "Ppp1r12a": [788.93080847645138, 817.64964562090017], "Sgce": [144.48879948760555, 475.65987359767286], "Aldh3a1": [170.30191207125586, 255.71045093332316], "Zfp654": [741.67654737400892, 177.50761075629046], "Gbp6": [825.48985155523667, 143.07486501192335], "2810474O19Rik": [834.7506156141344, 841.6161200379579], "Zfp367": [653.45367220373191, 46.847189284574199], "Mbnl3": [815.84277846573377, 232.51596106695752], "Fam178a": [534.18458526174015, 751.56179077564798], "Ifih1": [689.75906049621722, 630.51106158777316], "Casp8ap2": [904.18000117298334, 89.82366322691928], "Zfp7": [776.20004308299633, 9.6300043103055373], "Ifi203": [717.79061602627871, 516.04777545672448], "Setdb1": [703.46197500696155, 115.36417519381394], "Rinl": [568.3975634172092, 856.24386775610981], "Kpna4": [339.32656957112067, 369.27115799632668], "Ptprc": [226.62424710662719, 437.28709998522402], "Spn": [96.04510381820262, 438.96149094730634], "Rasa1": [650.44458023746586, 273.24882063598676], "Jade1": [617.32147004538388, 713.25151123979936], "Zfp712": [723.72255128424149, 995.01615510664828], "Dram2": [301.285165476114, 181.72926038800284], "Zfp280d": [619.2883311542405, 42.867499841393851], "Cd96": [756.34941110423415, 923.64592118772521], "Cept1": [651.78234822172749, 954.55939642615704], "Eif4e3": [883.92557413319741, 302.11197970187806], "Ccdc93": [843.30847466283092, 915.06414135012892], "Tsga10": [61.432086608606539, 336.12723871050025], "Gxylt1": [845.2484555834551, 81.060515152752089], "Kif20b": [933.26174321951635, 162.84332846749021], "Nosip": [702.93686153130204, 748.55393074510221], "Fam19a3": [834.59222532997228, 290.09715470849261], "Tab3": [624.56779046482177, 156.48218757801021], "Eri2": [848.23844703257942, 319.77549975322472], "Acap2": [848.54723723672555, 33.549945550686687], "Zfp53": [729.32363818669023, 30.821733386027915], "Fpgt": [271.61780983658821, 214.43834669291812], "Cd226": [921.20147611028358, 125.74051331479728], "1110037F02Rik": [819.20628205564731, 876.10343984463327], "Ajuba": [865.80948905182208, 758.72907038503172], "Zfp182": [602.23108397734109, 73.305463973672715], "Prpf6": [700.08402578472101, 869.76707245064358], "Tmed5": [74.031348007687427, 403.75449411799144], "Lgalsl": [938.5679133913934, 202.95149261484394], "Ccdc82": [861.72967514903235, 883.79534021874952], "Trim12c": [573.04660140592853, 984.81831491946184], "Rdx": [576.57225101507925, 903.34267887904775], "Nr2c2": [216.88518230356379, 475.86422173918163], "Zfp426": [96.244122821591247, 339.03233596717638], "Crbn": [486.181392853749, 847.61865124607129], "Kank2": [583.81914484901029, 744.56960903513902], "5830416P10Rik": [149.71049175462161, 290.0065266605165], "Zyg11b": [812.58415064371252, 16.082996588458514], "Zfp429": [129.1753548578327, 362.60361893114941], "Ugp2": [607.25621760305182, 991.44062446117084], "Pgm2l1": [795.00056790376584, 324.15809209548809], "Samd9l": [661.97569493759499, 200.49750424133217], "Stag2": [108.89575114252784, 399.42596116207818], "Phf21a": [756.52879674581868, 323.61374676403329], "Mospd1": [621.95863674125371, 782.28463867892083], "BC068157": [175.22901792757403, 214.17068255900722], "Xiap": [69.672488760054307, 259.77587908527039], "Efhc2": [503.76526589569664, 810.5536098575476], "Mtfr2": [753.95818171823794, 261.79128375648867], "Dock11": [265.94277097774363, 177.3210823354795], "Bicd1": [827.01750400780543, 751.29090954449498], "Cwf19l2": [471.60571084545273, 815.23511713950143], "Lrif1": [290.04844372816876, 449.03855435514004], "Gbp9": [547.71755340083075, 707.43904201725354], "Sp3": [664.27076184591567, 19.508823239839217], "Proz": [743.87843493924038, 873.20553386369033], "Utp14b": [90.666677986736318, 226.64097555005554], "Esco1": [520.70502763823129, 781.22676644867556], "Gbp7": [515.93512504913417, 726.60774390569804], "Haus3": [867.63564611133688, 109.6958411796553], "Gm12253": [792.22588316165297, 123.48472865099058], "Gbp4": [849.08745607406718, 170.84843983023123], "Dgkh": [263.45259321179145, 146.1755664890473], "Smek2": [511.60836313627914, 859.20261117335701], "Zfp438": [694.92897659856635, 50.745599918430969], "Tjp2": [496.37224691111533, 930.82330884580131], "Morc3": [254.96681620178242, 474.23893200425442], "Strbp": [638.92698447366649, 116.96912409653379], "Abi3": [879.99140076965341, 787.33177586360944], "Gzf1": [340.10411216448665, 254.37080278037698], "Cdkn2aipnl": [703.56128396220254, 937.15030271000842], "Atrx": [804.72765406072813, 702.86578146738543], "Papola": [235.79639073974658, 366.65238249213837], "C430002N11Rik": [879.48156614214145, 59.447044020766498], "Fam63b": [861.75899544642562, 264.86992940869101], "Bmi1": [136.97191607490004, 176.24776675771807], "Ikbkb": [651.60314132003805, 666.19586212344086], "Keap1": [565.1617932105213, 788.15363571587056], "Dek": [904.90718792271196, 218.08621405752302], "Rrm2b": [185.86057640352215, 460.04622771225712], "Prkaa1": [262.28868914569563, 416.51821992884561], "Pik3r1": [281.80499110431396, 341.30255428086417], "Plekhd1": [790.50963275811057, 740.29437790348436], "Gimap7": [614.68360763045973, 677.51633376425445], "Pcnxl2": [785.90308951289421, 287.82791058157045], "St8sia4": [654.68212785252433, 79.378670844467194], "Creb1": [903.72745660921566, 175.01536179677385], "Tbc1d8b": [476.29839389498716, 884.53559925799448], "Gbe1": [289.06141013874912, 246.71575797036849], "Cnp": [540.27477807074888, 888.06075649145919], "Gnpda2": [735.20301112601567, 633.2292962050517], "Plcl2": [756.68555080496105, 737.21580333888107], "Hspa4l": [891.51889508301008, 139.0090036497852], "Rsf1": [621.79826294284965, 251.07984420299979], "Fcho2": [858.41199371641835, 207.00768178791913], "Gm1966": [791.80233330308636, 84.833435674518739], "Brdt": [126.62107015857407, 202.16348706933471], "Slfn8": [759.63892719210514, 45.212094447925949], "Zfp148": [670.89957301743334, 999.99999999999989], "Zfp758": [750.28496607500642, 959.06512269703626], "Ppig": [795.7333834210126, 781.36678940327056], "Arid4b": [833.51866193094759, 699.82807736522386], "Arhgap18": [855.92944561204149, 726.30501062569499], "4933413J09Rik": [872.37846923233133, 818.83588791978354], "Nup50": [184.00469085138792, 425.70522578471235], "Ccdc55": [868.29093753347536, 848.51469945540794], "Yy2": [638.53454901589168, 999.4822537586108], "Trim33": [62.33023230465767, 372.46298058486377], "Smc3": [738.49757786703265, 0.0], "Gm4944": [742.67135542531332, 691.79963650102616], "Smc4": [505.2181579701961, 896.3357029915162], "Gm5595": [768.71781106370179, 670.8580330868665], "Smc6": [697.55244577865392, 1.4859692975896905], "Ccdc152": [840.38617164683592, 798.84993787782867], "Krcc1": [320.88935355197589, 413.37912542838177], "Serpind1": [680.00336339839942, 157.57019066978302], "Gm20300": [815.63710952726558, 58.14595493298043], "Lxn": [923.16571126930785, 241.23602003127323], "2310022A10Rik": [150.83601504863606, 331.82261544117625], "Prpf39": [722.0700054842456, 310.5821622062648], "Ube3a": [96.575870299237067, 296.51622013294093],