{"Xk": [310.70516092471854, 236.73100801507124], "Zfp668": [448.90787658457543, 754.9160160550681], "Tmem129": [531.49852449576008, 445.90293041780501], "Men1": [679.59892833452773, 35.179433495196889], "Zfp605": [517.59754336611104, 200.73302089245612], "Fchsd1": [227.83592693633278, 838.24270580769996], "Zfp426": [394.4796373723575, -5.6843418860808015e-14], "AU022252": [329.41958847543708, 1000.0], "Phf23": [508.20955649246059, 928.85807944042244], "Nucb2": [772.16407306366727, 284.43836566655233]}