{"Xk": [718.26445616869137, 232.90599814239172], "Zfp668": [541.11967546629501, 743.96573415107946], "Tmem129": [501.76662904707365, 433.88266861491428], "Men1": [346.71070322896963, 33.60947439048374], "Zfp605": [513.20969846602145, 195.32456634333528], "Fchsd1": [738.54813179938492, 857.39432191179105], "Zfp426": [627.12121814776674, 0.0], "AU022252": [611.85169380402112, 999.99999999999977], "Phf23": [451.37471867858216, 902.46563240913565], "Nucb2": [261.45186820061497, 275.23403340896414]}