{"Smug1": [724.08751014831921, 616.51903334459996], "Tyw1": [299.74361853542285, 802.20636986570457], "Kpna3": [54.121467921238036, 638.16584122756865], "Arl16": [259.04015974807623, 471.54765811260762], "Fdft1": [917.59451279065047, 481.66404067119726], "Suox": [244.66621047619444, 854.22654117130605], "Phf23": [566.30718857227976, 339.88222912211228], "Zfp287": [255.05153473539775, 611.38896489371848], "Rhno1": [686.37902737897537, 445.40110394035457], "Sp6": [768.78872085155592, 636.04609172468417], "Ccng1": [846.08543781143862, 517.08422539997525], "Spp1": [788.31711379482363, 599.92491037800755], "Pigw": [597.07469537478119, 427.20702211902625], "A930007I19Rik": [629.91306052464711, 228.24391048807692], "Fam219a": [998.83533637087862, 453.34821096394961], "Tecpr2": [728.54872843694056, 456.45461636904736], "Naif1": [751.62911903724159, 191.68714535628428], "Kif15": [996.81318135256515, 393.45001887443914], "Gne": [802.20118796008069, 302.68830598901394], "Dhx33": [898.95093946792144, 549.67945924603418], "Fv1": [20.821599508390364, 537.98946565190818], "Dtx3l": [960.36204559638009, 531.5267831828761], "Ifi205": [913.65855077428137, 259.31070165225742], "Tmem39b": [372.73184867393581, 630.59447422997971], "Oaz3": [638.14980938333326, 282.43750858837041], "1110019D14Rik": [183.6830195679662, 530.86783096219665], "Zdhhc12": [580.52855990257683, 226.73503913977015], "Ccdc93": [854.71377363995566, 456.9750848274029], "Fchsd1": [956.17024577087568, 452.61180883837426], "1700021K19Rik": [218.94640913548682, 495.39187809988044], "Cd8a": [839.53228695135499, 570.46760912845525], "Ogfod1": [603.02797976143017, 318.59683365999655], "Foxk1": [899.5593859536466, 425.94251596277468], "Gemin4": [5.6843418860808015e-14, 624.16021040221733], "Clasrp": [119.62240058857498, 481.86527669632937], "Met": [930.40638743371687, 211.19904356142681], "Phf7": [587.74871956303014, 382.12241707031302], "Ankra2": [810.92426067256451, 201.30617281955998], "Rassf2": [171.97482026040393, 795.49557503753795], "Rab9": [625.67268828731051, 463.59881173373259], "Muc2": [113.06871328177817, 719.6052819270019], "Gm13157": [29.913570085588901, 740.0498852155481], "Cdh23": [830.95544094961201, 623.49229154099874], "Zfp426": [242.13032680604644, 551.67629994645995], "Stxbp4": [754.90439936632833, 569.4526537898181], "Hdgf": [868.72764942045865, 225.09306689164831], "Cpped1": [870.3787103981166, 621.73272955013499], "Timm9": [673.60384636933713, 338.71092050442053], "Wnt4": [612.39766423772653, 185.8254780929885], "Syngap1": [779.05540617694669, 528.3365923623785], "Ywhah": [249.19019805038462, 687.8723333889784], "Tlr7": [341.05533714650358, 568.33553187449422], "Slc25a29": [193.91477003880593, 849.94284864636109], "Txnrd3": [652.06574954036569, 154.61727930855687], "Nkain1": [682.86126995128905, 237.67181450219982], "Gm9958": [59.414860380235211, 704.90608003324508], "Tomm5": [362.10972655001825, 712.65216194788354], "6030443J06Rik": [579.0626413507706, 267.55874230937343], "Tmem194": [724.68409454192192, 223.87861912552759], "B630005N14Rik": [861.66396482624737, 284.10534551787219], "Lpar2": [966.93790203276694, 259.33233460434894], "Casp2": [176.80416727657519, 451.07317073192542], "Cep97": [120.95171256217981, 416.69721179219761], "Chd3os": [87.105279149929402, 440.19543749026786], "Gm16548": [66.913961132476174, 772.93077703119411], "Gapdhs": [12.211926422611896, 578.16516570454473], "Tigd5": [314.41487876573035, 637.88609146405736], "Pagr1a": [171.2770647583514, 730.4812926482997], "Gzf1": [813.20858538596985, 247.3488751595163], "Tbc1d10b": [729.76526287190461, 513.84690960841772], "Esrra": [986.35273277431611, 498.47781288992411], "Gins4": [8.3172069088133753, 680.41535045737908], "Upf3b": [244.11997367468396, 802.60680998768271], "Tada1": [297.49312731905547, 837.87337367307623], "Zfp605": [185.60231274089477, 636.39489824050759], "Tlcd2": [709.90339508897569, 288.29919417084159], "Xk": [239.63959323795248, 751.78256639231358], "Set": [690.6140461208638, 584.70209062925016], "Desi2": [901.43142341874977, 595.48633361241787], "Ampd2": [750.63593391455993, 149.83118933597652], "Tmem129": [461.14138787350561, 530.84365879284405], "Fbxo17": [24.257018604222026, 495.81596049115393], "Mmachc": [108.53311149003889, 650.74353620300371], "Tcf24": [308.25270911412389, 764.4294120330519], "Rsph3a": [656.39556950977772, 506.0944258601038], "Thap4": [677.44529693983213, 394.83233158785202], "Triobp": [704.07962622675973, 148.71059260915411], "AU022252": [683.54582486910738, 184.92688437297232], "Khdc1b": [1000.0, 358.94490962336454], "Trim32": [352.66345710935246, 776.00766188798229], "Mrps2": [842.0673834515095, 153.37913747163091], "Scaf4": [659.42255887090778, 552.4030564980834], "Cd151": [164.41379466616269, 410.37568586577879], "Mocs1": [886.82847239984153, 176.49015724630951], "Shroom4": [145.26380775756263, 836.1357626790649], "Cpn1": [93.337934540227138, 520.61360164396058], "D1Ertd622e": [60.752977013543671, 480.04987876545385], "Jmjd6": [952.22343975708145, 360.77721129059967], "Zfp668": [780.99537945894076, 381.59015875789305], "Dnmt1": [940.33748363960285, 566.54095022697061], "Men1": [87.302016160674384, 592.73282147043756], "Gm12185": [846.58667572113404, 362.89854457018163], "Tfcp2": [311.22858966543879, 705.50009212716782], "Insig2": [934.43059871460707, 309.01992783046148], "Brwd3": [222.74882133017698, 434.68333168215344], "Birc5": [889.27399231883282, 371.88403418730366], "Kpnb1": [989.006629503559, 314.61816608493439], "Myo1c": [795.05820170477637, 145.77345882869398], "Nucb2": [123.84357179965843, 775.00505590779744]}