{"Gm5544": [172.77701234974413, 307.64091680945586], "Hs1bp3": [115.47890019652803, 815.2857911186766], "Med13l": [229.17088075208378, 113.89696249486062], "Ciapin1": [917.8936327102895, 506.7425286060551], "Foxa1": [326.9903300257672, 275.210625804884], "Ncoa7": [974.5278073499744, 430.75497117278235], "Cnot6l": [802.454223526476, 883.8714278534212], "Slc39a14": [246.18240152861674, 866.4942333256079], "Usp42": [109.55171857592981, 331.11526962600846], "Mynn": [902.0122804254436, 332.4942688666452], "Rnf215": [911.6415010831497, 755.6127892601373], "Bcl2": [367.54183566001154, 35.870746886200266], "Tet2": [157.40756189912688, 802.7595786866391], "Tacc2": [448.7173964206777, 999.0987093324411], "Ncapd3": [873.4241967506493, 512.2617846107084], "Zfp219": [149.5627891122439, 772.5704336148259], "Gngt2": [102.16466117317256, 195.9454795826162], "R74862": [596.9350278565798, 673.2501536599905], "Rmi1": [824.2981206241154, 862.4243096347197], "Hsd11b1": [250.15122494035856, 917.1759932433729], "Ptprs": [548.7432182680844, 638.2326217231855], "Ezr": [170.93591731000996, 554.8032614267145], "Rnf130": [836.0293012007778, 812.4945858055637], "Art2b": [671.5046050465129, 293.299502313985], "Ptprc": [428.68387413729056, 633.1959032934568], "Evi5": [181.36914849046846, 629.3828313624895], "Ptprj": [490.5878469191848, 630.3524634142475], "Il1rn": [690.3832491427183, 797.2156198601118], "Zfp105": [103.0613685819711, 782.5916640148181], "Slc35b4": [340.7636986281093, 896.1894229938484], "Knop1": [526.0280845776211, 77.22826529433243], "Ifi47": [356.1661950983073, 960.1520079707207], "Zswim8": [746.516574547839, 813.2233492225694], "Tap1": [325.8062890288754, 970.8676961058832], "Ubash3b": [150.68663044382785, 190.00981707001068], "Calm1": [704.3467222682693, 63.76593165534911], "Map3k1": [561.740235413767, 164.3232426883145], "H2-DMb2": [72.52517236947645, 491.3967241073864], "Nrde2": [665.9394480802558, 113.38880860226493], "Hs6st2": [176.3935952880171, 880.4975264266736], "Pcyt1a": [794.4509128133478, 572.8281426840683], "Naaa": [913.1222338445295, 238.42268066229263], "Gm11978": [288.02630163536924, 680.8130797011444], "Fancl": [178.73888177098488, 147.8279874475456], "Frmd5": [406.1546081899211, 404.73198126973733], "Pgk1": [905.7504169852389, 792.2728443091285], "Cxcl3": [623.2086187990412, 780.7963547815689], "B3gnt5": [508.3698512673558, 211.13493322296955], "Dgkh": [464.5864677052724, 871.7743755780054], "Ralgps2": [665.4542579277627, 544.7276853439463], "Psmd7": [243.19754091449053, 358.48447654308615], "Junb": [844.6803404857747, 141.1554721743894], "Agpat4": [926.058926418543, 389.5779889973832], "Nlrc3": [888.3520349641992, 199.2645316110158], "Tnfsf10": [121.66599581790942, 425.14110657349806], "Wdfy2": [118.83000766711282, 611.1528714274652], "Arhgap25": [862.5664109156764, 179.66649440759696], "Fam134b": [195.91148780182246, 345.95721170081697], "Ap3b1": [812.6771275458946, 259.2210556034921], "Erlin1": [214.42533725756894, 651.741989755888], "Limch1": [327.92711662740203, 64.04198897810755], "B4galt1": [506.1030711390929, 129.58441905851902], "Gm11981": [270.76367929858293, 633.977790746445], "Ebag9": [349.7434120639132, 924.3013136349125], "Rab3ip": [618.5938485213048, 628.5287988758198], "Rfc5": [731.9168561585847, 577.0778020274055], "Pde7b": [866.0359542659392, 678.7145429011802], "Hgf": [99.43812611382205, 660.9346699133437], "Soat2": [710.7989227529721, 955.9863284246708], "Sesn1": [714.3912159550893, 838.0705581412224], "Tusc3": [99.49295620283343, 386.6963322673073], "Gnao1": [172.6961409803251, 250.27755323472388], "Tgtp2": [23.16084805739567, 648.7677504639732], "Hilpda": [62.61491541437809, 729.914491339556], "Pi4k2a": [944.2267058603895, 733.2371868990896], "Mxra8": [956.7461523841484, 294.4516220788944], "Ggh": [282.80706580836204, 884.1919627711886], "Pfkp": [856.211756555708, 844.0887478188547], "Gm12185": [246.4143191134859, 595.0725840961252], "Slc12a7": [609.0083121178202, 948.311808919331], "Uhrf1bp1l": [137.1277450177292, 157.75720322764968], "Kdm6b": [772.4730871188458, 100.66780422432598], "Osbpl3": [725.1994445386397, 200.86508124226867], "Nckap5": [992.6580093216533, 494.3490180134441], "Elmo1": [225.81993850871478, 740.696994798413], "Peak1": [802.9588484043932, 808.2421327136807], "Osgin2": [773.3996976223985, 248.97245416252179], "Psd3": [256.86494412959803, 295.56480789444134], "Gpr128": [11.347683974845097, 414.2723064767769], "Rsad2": [868.1870100956953, 644.3546572283816], "Mthfd2l": [874.4892255534053, 228.07617098162285], "Gpa33": [74.99601421322635, 231.48427066846233], "Csf2": [661.7346818260736, 822.897103215058], "Samsn1": [764.2832562649504, 639.5400681129836], "Asap2": [626.3842223310635, 300.42970046687503], "Fars2": [283.5936967571903, 156.582566876108], "Irf1": [824.8034517741143, 550.5992548123318], "Spcs3": [632.1066737384058, 979.7672234335851], "Dym": [392.12187111543847, 931.489749083511], "Spp1": [645.8635803047677, 910.9171124681941], "Gramd1b": [26.208761382693154, 488.099075849626], "Bcas1": [375.8697934808697, 79.8876624396284], "Bace2": [434.30646056095054, 103.46139476623745], "Zbtb16": [90.87120785764816, 699.412883728385], "Nr4a1": [500.0648141599787, 498.2904017453231], "Plekhh1": [860.2177579807928, 564.155864239747], "Il15ra": [610.0780148413328, 825.710831944583], "Zfp36l1": [199.19590330581187, 802.5080783061966], "Fam216a": [214.27985412938673, 249.6205381135734], "Rbm20": [667.2359368112853, 418.4906693124704], "Pclo": [807.5324514670344, 494.18905698273784], "Lin54": [293.40578165960915, 47.66128093175149], "Abhd4": [1000.0, 546.4924926621633], "Gkn3": [364.4757996269699, 704.011909805502], "Tespa1": [146.84288954408098, 843.5300104544058], "Ston2": [544.8885846501275, 991.6422481069076], "Flna": [369.42107491297213, 304.35109380982647], "Rgsl1": [663.5284336589258, 728.3100865916686], "Foxk1": [302.5360336108929, 311.1680056065055], "Atp8a2": [527.7709492680932, 267.7843421225286], "Gm5127": [161.65613211642514, 388.65172378188754], "Ubac2": [133.249672591243, 300.10324310269795], "Mbd2": [353.8524034994855, 109.49062341164199], "Vasp": [24.936010554357722, 518.2489329702141], "Prpf6": [235.57880308152235, 207.64557176237582], "Tgm2": [50.04161865705569, 691.2262540998994], "Cnnm2": [873.2909500900182, 812.747498822615], "Med12l": [193.71526331250962, 111.34007395154893], "Tbc1d30": [302.6313135507112, 937.7685552459807], "Mief1": [484.2073523382662, 76.26147964145312], "Slc35c1": [292.27515642392245, 815.945087014792], "Rgs16": [670.0131105825515, 673.4723248599241], "Lrp5": [399.48190037089967, 59.6543368749638], "Dclk2": [500.0556762232841, 700.4106645930274], "Mical3": [395.6509986759406, 117.24033456589487], "Cd200r1": [443.53027414452345, 65.29720860661718], "2810025M15Rik": [796.6286164819301, 711.9710943740498], "Hectd2": [68.20568792675758, 647.2030862998554], "Pdgfa": [862.5721527864639, 736.2223144311636], "Fam129b": [207.1651658082948, 395.53443426454163], "4930430F08Rik": [840.6373759183668, 701.9320831770023], "Ephx1": [182.72618101500856, 699.3023040207715], "Ttll1": [28.905439243811685, 387.1259521488706], "Traf5": [22.80494026591981, 358.4946038998987], "Nrgn": [605.0465804861038, 62.26091810675234], "Abi3": [963.8252820976938, 575.1714650810884], "Ltb4r1": [462.91246795513825, 205.06202868310308], "Mettl13": [261.5072240529016, 69.94947196871493], "Gpatch2": [54.8158941770821, 271.16374904628145], "Dusp10": [446.3776621922012, 922.0055163345769], "Arsg": [703.1948192707673, 254.89167578642247], "Ubash3a": [141.70373152046054, 257.7973631318824], "Zfp92": [498.9751609445718, 891.8988764120272], "Acoxl": [906.4253497542193, 541.7611450011718], "Plxnd1": [699.8195565850125, 471.50202561740844], "Gimap4": [354.1120724914165, 859.7602223328088], "Gimap6": [376.0259512717688, 776.7489998844851], "Sla": [703.7348820287355, 921.7449606665568], "Dnah11": [337.704844943084, 733.8860834572645], "Tmco1": [109.78058379483556, 557.1379646288045],