{"Gm5544": [759.8234275516023, 856.2902391577757], "Hs1bp3": [632.9530996413039, 199.2025555910801], "Med13l": [508.5884151891382, 16.87042624141594], "Ciapin1": [289.2449866814617, 925.7958313606767], "Foxa1": [424.9392096808033, 597.5005050361317], "Ncoa7": [969.6133793885767, 343.8382318706667], "Cnot6l": [102.2663575107533, 718.04510803099], "Slc39a14": [783.6212170938395, 126.52509158646774], "Usp42": [549.9174604755835, 76.89316870933885], "Mynn": [356.38322032848123, 170.3898712259222], "Rnf215": [664.4960806902551, 464.0770080904364], "Bcl2": [260.48557115151715, 940.0494677597267], "Tet2": [763.4671377470127, 730.4954956530268], "Tacc2": [625.4871033317705, 853.2395531224729], "Ncapd3": [852.2123083686915, 144.55647461633032], "Zfp219": [27.112601790393796, 336.3727694269765], "Gngt2": [698.0287453837113, 595.3045199596393], "R74862": [165.53874569069586, 811.9695033817454], "Rmi1": [725.890501557454, 257.75980908296276], "Hsd11b1": [691.3859439830414, 136.63296845818394], "Ptprs": [90.44154363348704, 760.5440443407981], "Ezr": [171.14513262468526, 396.357186118981], "Rnf130": [741.032748622373, 329.8149982102475], "Art2b": [646.0593644226229, 912.5908339094193], "Ptprc": [111.6796430434049, 681.6865726280722], "Evi5": [258.4118990533853, 382.25256830169803], "Ptprj": [58.81409713606109, 701.0730107948035], "Il1rn": [985.0879735321689, 376.6402965647348], "Zfp105": [2.5546637291132015, 416.2627775930842], "Slc35b4": [919.6622451172402, 246.51001219537486], "Knop1": [744.5945105042163, 765.6911813374078], "Ifi47": [702.4772784897161, 171.77469644388384], "Zswim8": [283.0070834004949, 82.07649550663604], "Tap1": [561.3661389596955, 769.6733242261837], "Ubash3b": [677.3651742506995, 106.60579851281386], "Calm1": [244.5502960308246, 736.4038679794206], "Map3k1": [557.0104033379605, 38.28552535082321], "H2-DMb2": [484.0212819322458, 370.5168041447496], "Nrde2": [661.5782361320512, 821.5977637906681], "Hs6st2": [655.0913012251899, 162.2474112055154], "Pcyt1a": [60.270534445737354, 733.8973342340734], "Naaa": [559.5804527849391, 111.79806363621714], "Gm11978": [417.40568849700287, 802.5185275877882], "Fancl": [165.31646392360577, 315.8138788117317], "Frmd5": [915.0798748099769, 411.8073034230845], "Pgk1": [55.034432084617265, 405.2305597963642], "Cxcl3": [28.176728483709383, 623.0334610259677], "B3gnt5": [545.5401707296834, 929.4967922897481], "Dgkh": [126.40211733713167, 823.8081187498377], "Ralgps2": [476.04431377855894, 805.6108742644724], "Psmd7": [86.05331182838415, 314.30255276093123], "Junb": [829.2790954270429, 819.6878159081234], "Agpat4": [743.7673999439551, 290.93270969157527], "Nlrc3": [852.3524768250122, 603.5378128136258], "Tnfsf10": [925.301373046733, 664.5847486197695], "Wdfy2": [304.9126940676315, 304.25198688514354], "Arhgap25": [832.448987834133, 710.0342823540291], "Fam134b": [89.2056108941861, 508.08264582831123], "Ap3b1": [825.3951131750478, 641.1766032731683], "Erlin1": [298.69410826975627, 349.7821719468766], "Limch1": [847.4665810262659, 508.82906457601], "B4galt1": [483.94717335264176, 949.5259681743934], "Gm11981": [475.55170744898555, 876.1554157927006], "Ebag9": [62.85550576194993, 484.0244896386615], "Rab3ip": [279.2948890978034, 856.3791145232556], "Rfc5": [712.3092451715198, 550.2613509832662], "Pde7b": [76.33430011761877, 586.3391640436245], "Hgf": [479.45697242035, 251.6507267714549], "Soat2": [903.126597898292, 608.4434121741454], "Sesn1": [429.5853137110678, 838.2292865548638], "Tusc3": [933.7955418691054, 357.9313658575577], "Gnao1": [778.8531282428181, 768.6661584463857], "Tgtp2": [908.9545737409217, 706.3730677739863], "Hilpda": [549.6618229769415, 198.10071525029645], "Pi4k2a": [53.18762364639991, 336.2989481243741], "Mxra8": [342.39390652956047, 209.2125358748394], "Ggh": [221.0349325330949, 681.467705271893], "Pfkp": [139.77641782295834, 426.4943308710128], "Gm12185": [500.89879068998596, 915.2084099003731], "Slc12a7": [752.2410607079273, 558.4719886305974], "Uhrf1bp1l": [630.9383665782268, 90.12417923791219], "Kdm6b": [772.175533389164, 818.0290683376356], "Osbpl3": [432.7799514555086, 932.065394984095], "Nckap5": [947.2239005183958, 273.6246173706659], "Elmo1": [74.01373740976427, 235.56159652614292], "Peak1": [110.12065753959266, 432.36339659198705], "Osgin2": [386.370443138471, 876.2558405957989], "Psd3": [151.5278941710112, 235.61493912474282], "Gpr128": [684.7471357708826, 307.63323842895636], "Rsad2": [557.2440983259083, 626.8493552058968], "Mthfd2l": [398.72661279589033, 176.19583331954487], "Gpa33": [697.4298707580231, 502.029006193358], "Csf2": [108.61399654585458, 604.585664888423], "Samsn1": [399.9688168950705, 749.9409430187964], "Asap2": [656.8934346706484, 945.9525097398302], "Fars2": [197.54453113332693, 360.4530053942686], "Irf1": [998.0432455589744, 576.2185367626264], "Spcs3": [862.4062755529778, 675.4596069378309], "Dym": [38.493787896497764, 580.4890981847508], "Spp1": [826.7977135125248, 879.625763144362], "Gramd1b": [551.486941018476, 360.27400897823657], "Bcas1": [322.29370419686165, 968.1703770670135], "Bace2": [418.8977264965154, 983.1823546322618], "Zbtb16": [194.28764287786515, 440.23550144056185], "Nr4a1": [501.03031166534697, 499.37802895513255], "Plekhh1": [149.58440530257533, 194.52390638599263], "Il15ra": [957.2587833091468, 314.5576651505572], "Zfp36l1": [124.33058922779458, 291.43736336962604], "Fam216a": [80.64279708185285, 359.92522595859015], "Rbm20": [530.430912036696, 874.6179740028181], "Pclo": [136.26042939295704, 773.3240732582153], "Lin54": [877.8696788056218, 416.73345279492594], "Abhd4": [133.5089588650315, 163.1375138233406], "Gkn3": [361.3382651528011, 777.4889229793135], "Tespa1": [698.672827808107, 772.7171172485052], "Ston2": [694.4020635521942, 951.0869043115949], "Flna": [359.20879426585384, 533.5825430662669], "Rgsl1": [814.1226251081623, 333.8456527052934], "Foxk1": [512.3577450439818, 611.8407679520428], "Atp8a2": [581.1114921090937, 950.2215950566851], "Gm5127": [713.1371883950095, 922.365181033696], "Ubac2": [836.2035226297282, 185.89057633724275], "Mbd2": [451.0758157442955, 54.96629469820289], "Vasp": [458.28930719536856, 188.66143483004012], "Prpf6": [306.80015112659873, 160.61112855453194], "Tgm2": [886.1983465650515, 768.8111600064733], "Cnnm2": [164.69502806117475, 752.4057679766395], "Med12l": [445.43247863046054, 14.552020168022466], "Tbc1d30": [525.4312400955916, 715.4137409197888], "Mief1": [561.0399598060983, 239.6574226628302], "Slc35c1": [878.657239267304, 177.8572134274487], "Rgs16": [778.2295383278996, 410.541543467252], "Lrp5": [835.1851252719412, 242.39196879426856], "Dclk2": [121.04127044362124, 557.3479352516018], "Mical3": [594.116864545636, 197.6014329397215], "Cd200r1": [424.90468981004665, 707.4347038360108], "2810025M15Rik": [318.5560825542356, 35.137356336799996], "Hectd2": [366.0015471095571, 357.7942752611118], "Pdgfa": [144.15760378344132, 531.3761554315199], "Fam129b": [43.39332587561094, 514.1506218006396], "4930430F08Rik": [247.1840177876335, 70.22335376254529], "Ephx1": [168.38034335796067, 263.543837519516], "Ttll1": [954.0247515125436, 435.83072461221195], "Traf5": [880.166716454816, 718.4559446260616], "Nrgn": [603.3409339917094, 904.4924774821959], "Abi3": [189.73784855746766, 197.192077710088], "Ltb4r1": [750.9259487835426, 105.6929743469355], "Mettl13": [592.9594576802225, 88.2841781812582], "Gpatch2": [674.5462089905059, 414.8685693227431], "Dusp10": [71.94106718881554, 658.5210135478295], "Arsg": [693.4464041478462, 892.6132116936607], "Ubash3a": [740.7873916555877, 141.84568891638446], "Zfp92": [264.42946467156486, 162.47688527830525], "Acoxl": [295.0701852677172, 210.29683300365005], "Plxnd1": [276.56690602535974, 119.37369081893166], "Gimap4": [271.5211554535201, 693.3778070165902], "Gimap6": [326.72149970207533, 745.2854099050412], "Sla": [636.5124328478084, 662.3015864550306], "Dnah11": [272.93892932752857, 822.7558321851125], "Tmco1": [947.6039154512255, 569.4979864311775],